Cruise_Title,Product_ID,Itinerary_ID,Sailing_ID,Ship_Name,Departure_Date,Duration_Nights,Destination,Departure_Port,Ports_of_Call,Starting_Price_USD,Currency,Theme_Holiday
3-Night Cruise from Singapore,3_singapore,ITIN-STANDARD,DA0100,Disney Adventure,Flexible / Multiple Dates,3,SINGAPORE,Singapore,Singapore,1141.5,USD,Standard
3-Night Cruise from Singapore,3_singapore,ITIN-STANDARD,DA0094,Disney Adventure,Flexible / Multiple Dates,3,SINGAPORE,Singapore,Singapore,1141.5,USD,Standard
3-Night Cruise from Singapore,3_singapore,ITIN-STANDARD,DA0164,Disney Adventure,Flexible / Multiple Dates,3,SINGAPORE,Singapore,Singapore,1141.5,USD,Standard
3-Night Cruise from Singapore,3_singapore,ITIN-STANDARD,DA0160,Disney Adventure,Flexible / Multiple Dates,3,SINGAPORE,Singapore,Singapore,1141.5,USD,Standard
3-Night Cruise from Singapore,3_singapore,ITIN-STANDARD,DA0154,Disney Adventure,Flexible / Multiple Dates,3,SINGAPORE,Singapore,Singapore,1141.5,USD,Standard
3-Night Cruise from Singapore,3_singapore,ITIN-STANDARD,DA0150,Disney Adventure,Flexible / Multiple Dates,3,SINGAPORE,Singapore,Singapore,1141.5,USD,Standard
3-Night Cruise from Singapore,3_singapore,ITIN-STANDARD,DA0152,Disney Adventure,Flexible / Multiple Dates,3,SINGAPORE,Singapore,Singapore,1141.5,USD,Standard
3-Night Cruise from Singapore,3_singapore,ITIN-STANDARD,DA0148,Disney Adventure,Flexible / Multiple Dates,3,SINGAPORE,Singapore,Singapore,1141.5,USD,Standard
3-Night Cruise from Singapore,3_singapore,ITIN-STANDARD,DA0096,Disney Adventure,Flexible / Multiple Dates,3,SINGAPORE,Singapore,Singapore,1141.5,USD,Standard
3-Night Cruise from Singapore,3_singapore,ITIN-STANDARD,DA0146,Disney Adventure,Flexible / Multiple Dates,3,SINGAPORE,Singapore,Singapore,1141.5,USD,Standard
3-Night Cruise from Singapore,3_singapore,ITIN-STANDARD,DA0212,Disney Adventure,Flexible / Multiple Dates,3,SINGAPORE,Singapore,Singapore,1141.5,USD,Standard
3-Night Cruise from Singapore,3_singapore,ITIN-STANDARD,DA0214,Disney Adventure,Flexible / Multiple Dates,3,SINGAPORE,Singapore,Singapore,1141.5,USD,Standard
3-Night Cruise from Singapore,3_singapore,ITIN-STANDARD,DA0210,Disney Adventure,Flexible / Multiple Dates,3,SINGAPORE,Singapore,Singapore,1141.5,USD,Standard
3-Night Cruise from Singapore,3_singapore,ITIN-STANDARD,DA0206,Disney Adventure,Flexible / Multiple Dates,3,SINGAPORE,Singapore,Singapore,1141.5,USD,Standard
3-Night Cruise from Singapore,3_singapore,ITIN-STANDARD,DA0208,Disney Adventure,Flexible / Multiple Dates,3,SINGAPORE,Singapore,Singapore,1141.5,USD,Standard
3-Night Cruise from Singapore,3_singapore,ITIN-STANDARD,DA0204,Disney Adventure,Flexible / Multiple Dates,3,SINGAPORE,Singapore,Singapore,1141.5,USD,Standard
3-Night Cruise from Singapore,3_singapore,ITIN-STANDARD,DA0198,Disney Adventure,Flexible / Multiple Dates,3,SINGAPORE,Singapore,Singapore,1141.5,USD,Standard
3-Night Cruise from Singapore,3_singapore,ITIN-STANDARD,DA0196,Disney Adventure,Flexible / Multiple Dates,3,SINGAPORE,Singapore,Singapore,1141.5,USD,Standard
3-Night Cruise from Singapore,3_singapore,ITIN-STANDARD,DA0092,Disney Adventure,Flexible / Multiple Dates,3,SINGAPORE,Singapore,Singapore,1141.5,USD,Standard
3-Night Cruise from Singapore,3_singapore,ITIN-STANDARD,DA0162,Disney Adventure,Flexible / Multiple Dates,3,SINGAPORE,Singapore,Singapore,1141.5,USD,Standard
3-Night Cruise from Singapore,3_singapore,ITIN-STANDARD,DA0190,Disney Adventure,Flexible / Multiple Dates,3,SINGAPORE,Singapore,Singapore,1141.5,USD,Standard
3-Night Cruise from Singapore,3_singapore,ITIN-STANDARD,DA0192,Disney Adventure,Flexible / Multiple Dates,3,SINGAPORE,Singapore,Singapore,1141.5,USD,Standard
3-Night Cruise from Singapore,3_singapore,ITIN-STANDARD,DA0124,Disney Adventure,Flexible / Multiple Dates,3,SINGAPORE,Singapore,Singapore,1141.5,USD,Standard
3-Night Cruise from Singapore,3_singapore,ITIN-STANDARD,DA0174,Disney Adventure,Flexible / Multiple Dates,3,SINGAPORE,Singapore,Singapore,1141.5,USD,Standard
3-Night Cruise from Singapore,3_singapore,ITIN-STANDARD,DA0216,Disney Adventure,Flexible / Multiple Dates,3,SINGAPORE,Singapore,Singapore,1141.5,USD,Standard
3-Night Cruise from Singapore,3_singapore,ITIN-STANDARD,DA0200,Disney Adventure,Flexible / Multiple Dates,3,SINGAPORE,Singapore,Singapore,1141.5,USD,Standard
3-Night Cruise from Singapore,3_singapore,ITIN-STANDARD,DA0194,Disney Adventure,Flexible / Multiple Dates,3,SINGAPORE,Singapore,Singapore,1141.5,USD,Standard
3-Night Cruise from Singapore,3_singapore,ITIN-STANDARD,DA0144,Disney Adventure,Flexible / Multiple Dates,3,SINGAPORE,Singapore,Singapore,1141.5,USD,Standard
3-Night Cruise from Singapore,3_singapore,ITIN-STANDARD,DA0104,Disney Adventure,Flexible / Multiple Dates,3,SINGAPORE,Singapore,Singapore,1141.5,USD,Standard
3-Night Cruise from Singapore,3_singapore,ITIN-STANDARD,DA0180,Disney Adventure,Flexible / Multiple Dates,3,SINGAPORE,Singapore,Singapore,1141.5,USD,Standard
3-Night Cruise from Singapore,3_singapore,ITIN-STANDARD,DA0186,Disney Adventure,Flexible / Multiple Dates,3,SINGAPORE,Singapore,Singapore,1141.5,USD,Standard
3-Night Cruise from Singapore,3_singapore,ITIN-STANDARD,DA0188,Disney Adventure,Flexible / Multiple Dates,3,SINGAPORE,Singapore,Singapore,1141.5,USD,Standard
3-Night Cruise from Singapore,3_singapore,ITIN-STANDARD,DA0182,Disney Adventure,Flexible / Multiple Dates,3,SINGAPORE,Singapore,Singapore,1141.5,USD,Standard
3-Night Cruise from Singapore,3_singapore,ITIN-STANDARD,DA0184,Disney Adventure,Flexible / Multiple Dates,3,SINGAPORE,Singapore,Singapore,1141.5,USD,Standard
3-Night Cruise from Singapore,3_singapore,ITIN-STANDARD,DA0170,Disney Adventure,Flexible / Multiple Dates,3,SINGAPORE,Singapore,Singapore,1141.5,USD,Standard
3-Night Cruise from Singapore,3_singapore,ITIN-STANDARD,DA0176,Disney Adventure,Flexible / Multiple Dates,3,SINGAPORE,Singapore,Singapore,1141.5,USD,Standard
3-Night Cruise from Singapore,3_singapore,ITIN-STANDARD,DA0178,Disney Adventure,Flexible / Multiple Dates,3,SINGAPORE,Singapore,Singapore,1141.5,USD,Standard
3-Night Cruise from Singapore,3_singapore,ITIN-STANDARD,DA0168,Disney Adventure,Flexible / Multiple Dates,3,SINGAPORE,Singapore,Singapore,1141.5,USD,Standard
3-Night Cruise from Singapore,3_singapore,ITIN-STANDARD,DA0166,Disney Adventure,Flexible / Multiple Dates,3,SINGAPORE,Singapore,Singapore,1141.5,USD,Standard
3-Night Cruise from Singapore,3_singapore,ITIN-STANDARD,DA0130,Disney Adventure,Flexible / Multiple Dates,3,SINGAPORE,Singapore,Singapore,1141.5,USD,Standard
3-Night Cruise from Singapore,3_singapore,ITIN-STANDARD,DA0172,Disney Adventure,Flexible / Multiple Dates,3,SINGAPORE,Singapore,Singapore,1141.5,USD,Standard
3-Night Cruise from Singapore,3_singapore,ITIN-STANDARD,DA0158,Disney Adventure,Flexible / Multiple Dates,3,SINGAPORE,Singapore,Singapore,1141.5,USD,Standard
3-Night Cruise from Singapore,3_singapore,ITIN-STANDARD,DA0156,Disney Adventure,Flexible / Multiple Dates,3,SINGAPORE,Singapore,Singapore,1141.5,USD,Standard
3-Night Cruise from Singapore,3_singapore,ITIN-STANDARD,DA0202,Disney Adventure,Flexible / Multiple Dates,3,SINGAPORE,Singapore,Singapore,1141.5,USD,Standard
3-Night Cruise from Singapore,3_singapore,ITIN-STANDARD,DA0218,Disney Adventure,Flexible / Multiple Dates,3,SINGAPORE,Singapore,Singapore,1141.5,USD,Standard
3-Night Cruise from Singapore,3_singapore,ITIN-STANDARD,DA0140,Disney Adventure,Flexible / Multiple Dates,3,SINGAPORE,Singapore,Singapore,1141.5,USD,Standard
3-Night Cruise from Singapore,3_singapore,ITIN-STANDARD,DA0220,Disney Adventure,Flexible / Multiple Dates,3,SINGAPORE,Singapore,Singapore,1141.5,USD,Standard
3-Night Cruise from Singapore,3_singapore,ITIN-STANDARD,DA0132,Disney Adventure,Flexible / Multiple Dates,3,SINGAPORE,Singapore,Singapore,1141.5,USD,Standard
3-Night Cruise from Singapore,3_singapore,ITIN-STANDARD,DA0126,Disney Adventure,Flexible / Multiple Dates,3,SINGAPORE,Singapore,Singapore,1141.5,USD,Standard
3-Night Cruise from Singapore,3_singapore,ITIN-STANDARD,DA0142,Disney Adventure,Flexible / Multiple Dates,3,SINGAPORE,Singapore,Singapore,1141.5,USD,Standard
3-Night Cruise from Singapore,3_singapore,ITIN-STANDARD,DA0098,Disney Adventure,Flexible / Multiple Dates,3,SINGAPORE,Singapore,Singapore,1141.5,USD,Standard
3-Night Cruise from Singapore,3_singapore,ITIN-STANDARD,DA0138,Disney Adventure,Flexible / Multiple Dates,3,SINGAPORE,Singapore,Singapore,1141.5,USD,Standard
3-Night Cruise from Singapore,3_singapore,ITIN-STANDARD,DA0222,Disney Adventure,Flexible / Multiple Dates,3,SINGAPORE,Singapore,Singapore,1141.5,USD,Standard
3-Night Cruise from Singapore,3_singapore,ITIN-STANDARD,DA0128,Disney Adventure,Flexible / Multiple Dates,3,SINGAPORE,Singapore,Singapore,1141.5,USD,Standard
3-Night Cruise from Singapore,3_singapore,ITIN-STANDARD,DA0136,Disney Adventure,Flexible / Multiple Dates,3,SINGAPORE,Singapore,Singapore,1141.5,USD,Standard
3-Night Cruise from Singapore,3_singapore,ITIN-STANDARD,DA0224,Disney Adventure,Flexible / Multiple Dates,3,SINGAPORE,Singapore,Singapore,1141.5,USD,Standard
3-Night Cruise from Singapore,3_singapore,ITIN-STANDARD,DA0226,Disney Adventure,Flexible / Multiple Dates,3,SINGAPORE,Singapore,Singapore,1141.5,USD,Standard
3-Night Cruise from Singapore,3_singapore,ITIN-STANDARD,DA0090,Disney Adventure,Flexible / Multiple Dates,3,SINGAPORE,Singapore,Singapore,1141.5,USD,Standard
3-Night Cruise from Singapore,3_singapore,ITIN-STANDARD,DA0134,Disney Adventure,Flexible / Multiple Dates,3,SINGAPORE,Singapore,Singapore,1141.5,USD,Standard
3-Night Cruise from Singapore,3_singapore,ITIN-STANDARD,DA0102,Disney Adventure,Flexible / Multiple Dates,3,SINGAPORE,Singapore,Singapore,1141.5,USD,Standard
3-Night Cruise from Singapore,3_singapore,ITIN-STANDARD,DA0088,Disney Adventure,Flexible / Multiple Dates,3,SINGAPORE,Singapore,Singapore,1141.5,USD,Standard
3-Night Cruise from Singapore,3_singapore,ITIN-STANDARD,DA0086,Disney Adventure,Flexible / Multiple Dates,3,SINGAPORE,Singapore,Singapore,1141.5,USD,Standard
3-Night Cruise from Singapore,3_singapore,ITIN-STANDARD,DA0108,Disney Adventure,Flexible / Multiple Dates,3,SINGAPORE,Singapore,Singapore,1141.5,USD,Standard
3-Night Cruise from Singapore,3_singapore,ITIN-STANDARD,DA0106,Disney Adventure,Flexible / Multiple Dates,3,SINGAPORE,Singapore,Singapore,1141.5,USD,Standard
4-Night Cruise from Singapore,4_singapore,ITIN-STANDARD,DA0095,Disney Adventure,Flexible / Multiple Dates,4,SINGAPORE,Singapore,Singapore,1379.9,USD,Standard
4-Night Cruise from Singapore,4_singapore,ITIN-STANDARD,DA0097,Disney Adventure,Flexible / Multiple Dates,4,SINGAPORE,Singapore,Singapore,1379.9,USD,Standard
4-Night Cruise from Singapore,4_singapore,ITIN-STANDARD,DA0089,Disney Adventure,Flexible / Multiple Dates,4,SINGAPORE,Singapore,Singapore,1379.9,USD,Standard
4-Night Cruise from Singapore,4_singapore,ITIN-STANDARD,DA0153,Disney Adventure,Flexible / Multiple Dates,4,SINGAPORE,Singapore,Singapore,1379.9,USD,Standard
4-Night Cruise from Singapore,4_singapore,ITIN-STANDARD,DA0155,Disney Adventure,Flexible / Multiple Dates,4,SINGAPORE,Singapore,Singapore,1379.9,USD,Standard
4-Night Cruise from Singapore,4_singapore,ITIN-STANDARD,DA0149,Disney Adventure,Flexible / Multiple Dates,4,SINGAPORE,Singapore,Singapore,1379.9,USD,Standard
4-Night Cruise from Singapore,4_singapore,ITIN-STANDARD,DA0091,Disney Adventure,Flexible / Multiple Dates,4,SINGAPORE,Singapore,Singapore,1379.9,USD,Standard
4-Night Cruise from Singapore,4_singapore,ITIN-STANDARD,DA0101,Disney Adventure,Flexible / Multiple Dates,4,SINGAPORE,Singapore,Singapore,1379.9,USD,Standard
4-Night Cruise from Singapore,4_singapore,ITIN-STANDARD,DA0093,Disney Adventure,Flexible / Multiple Dates,4,SINGAPORE,Singapore,Singapore,1379.9,USD,Standard
4-Night Cruise from Singapore,4_singapore,ITIN-STANDARD,DA0197,Disney Adventure,Flexible / Multiple Dates,4,SINGAPORE,Singapore,Singapore,1379.9,USD,Standard
4-Night Cruise from Singapore,4_singapore,ITIN-STANDARD,DA0199,Disney Adventure,Flexible / Multiple Dates,4,SINGAPORE,Singapore,Singapore,1379.9,USD,Standard
4-Night Cruise from Singapore,4_singapore,ITIN-STANDARD,DA0193,Disney Adventure,Flexible / Multiple Dates,4,SINGAPORE,Singapore,Singapore,1379.9,USD,Standard
4-Night Cruise from Singapore,4_singapore,ITIN-STANDARD,DA0195,Disney Adventure,Flexible / Multiple Dates,4,SINGAPORE,Singapore,Singapore,1379.9,USD,Standard
4-Night Cruise from Singapore,4_singapore,ITIN-STANDARD,DA0099,Disney Adventure,Flexible / Multiple Dates,4,SINGAPORE,Singapore,Singapore,1379.9,USD,Standard
4-Night Cruise from Singapore,4_singapore,ITIN-STANDARD,DA0087,Disney Adventure,Flexible / Multiple Dates,4,SINGAPORE,Singapore,Singapore,1379.9,USD,Standard
4-Night Cruise from Singapore,4_singapore,ITIN-STANDARD,DA0085,Disney Adventure,Flexible / Multiple Dates,4,SINGAPORE,Singapore,Singapore,1379.9,USD,Standard
4-Night Cruise from Singapore,4_singapore,ITIN-STANDARD,DA0103,Disney Adventure,Flexible / Multiple Dates,4,SINGAPORE,Singapore,Singapore,1379.9,USD,Standard
4-Night Cruise from Singapore,4_singapore,ITIN-STANDARD,DA0191,Disney Adventure,Flexible / Multiple Dates,4,SINGAPORE,Singapore,Singapore,1379.9,USD,Standard
4-Night Cruise from Singapore,4_singapore,ITIN-STANDARD,DA0175,Disney Adventure,Flexible / Multiple Dates,4,SINGAPORE,Singapore,Singapore,1379.9,USD,Standard
4-Night Cruise from Singapore,4_singapore,ITIN-STANDARD,DA0181,Disney Adventure,Flexible / Multiple Dates,4,SINGAPORE,Singapore,Singapore,1379.9,USD,Standard
4-Night Cruise from Singapore,4_singapore,ITIN-STANDARD,DA0187,Disney Adventure,Flexible / Multiple Dates,4,SINGAPORE,Singapore,Singapore,1379.9,USD,Standard
4-Night Cruise from Singapore,4_singapore,ITIN-STANDARD,DA0189,Disney Adventure,Flexible / Multiple Dates,4,SINGAPORE,Singapore,Singapore,1379.9,USD,Standard
4-Night Cruise from Singapore,4_singapore,ITIN-STANDARD,DA0167,Disney Adventure,Flexible / Multiple Dates,4,SINGAPORE,Singapore,Singapore,1379.9,USD,Standard
4-Night Cruise from Singapore,4_singapore,ITIN-STANDARD,DA0183,Disney Adventure,Flexible / Multiple Dates,4,SINGAPORE,Singapore,Singapore,1379.9,USD,Standard
4-Night Cruise from Singapore,4_singapore,ITIN-STANDARD,DA0185,Disney Adventure,Flexible / Multiple Dates,4,SINGAPORE,Singapore,Singapore,1379.9,USD,Standard
4-Night Cruise from Singapore,4_singapore,ITIN-STANDARD,DA0179,Disney Adventure,Flexible / Multiple Dates,4,SINGAPORE,Singapore,Singapore,1379.9,USD,Standard
4-Night Cruise from Singapore,4_singapore,ITIN-STANDARD,DA0177,Disney Adventure,Flexible / Multiple Dates,4,SINGAPORE,Singapore,Singapore,1379.9,USD,Standard
4-Night Cruise from Singapore,4_singapore,ITIN-STANDARD,DA0171,Disney Adventure,Flexible / Multiple Dates,4,SINGAPORE,Singapore,Singapore,1379.9,USD,Standard
4-Night Cruise from Singapore,4_singapore,ITIN-STANDARD,DA0173,Disney Adventure,Flexible / Multiple Dates,4,SINGAPORE,Singapore,Singapore,1379.9,USD,Standard
4-Night Cruise from Singapore,4_singapore,ITIN-STANDARD,DA0169,Disney Adventure,Flexible / Multiple Dates,4,SINGAPORE,Singapore,Singapore,1379.9,USD,Standard
4-Night Cruise from Singapore,4_singapore,ITIN-STANDARD,DA0201,Disney Adventure,Flexible / Multiple Dates,4,SINGAPORE,Singapore,Singapore,1379.9,USD,Standard
4-Night Cruise from Singapore,4_singapore,ITIN-STANDARD,DA0139,Disney Adventure,Flexible / Multiple Dates,4,SINGAPORE,Singapore,Singapore,1379.9,USD,Standard
4-Night Cruise from Singapore,4_singapore,ITIN-STANDARD,DA0125,Disney Adventure,Flexible / Multiple Dates,4,SINGAPORE,Singapore,Singapore,1379.9,USD,Standard
4-Night Cruise from Singapore,4_singapore,ITIN-STANDARD,DA0127,Disney Adventure,Flexible / Multiple Dates,4,SINGAPORE,Singapore,Singapore,1379.9,USD,Standard
4-Night Cruise from Singapore,4_singapore,ITIN-STANDARD,DA0105,Disney Adventure,Flexible / Multiple Dates,4,SINGAPORE,Singapore,Singapore,1379.9,USD,Standard
4-Night Cruise from Singapore,4_singapore,ITIN-STANDARD,DA0227,Disney Adventure,Flexible / Multiple Dates,4,SINGAPORE,Singapore,Singapore,1379.9,USD,Standard
4-Night Cruise from Singapore,4_singapore,ITIN-STANDARD,DA0133,Disney Adventure,Flexible / Multiple Dates,4,SINGAPORE,Singapore,Singapore,1379.9,USD,Standard
4-Night Cruise from Singapore,4_singapore,ITIN-STANDARD,DA0107,Disney Adventure,Flexible / Multiple Dates,4,SINGAPORE,Singapore,Singapore,1379.9,USD,Standard
4-Night Langkawi Cruise from Singapore,4_langkawi_singapore,LAN,DA0137,Disney Adventure,Flexible / Multiple Dates,4,SINGAPORE,"Langkawi, Malaysia","Langkawi, Malaysia",1533.26,USD,Standard
4-Night Langkawi Cruise from Singapore,4_langkawi_singapore,LAN,DA0165,Disney Adventure,Flexible / Multiple Dates,4,SINGAPORE,"Langkawi, Malaysia","Langkawi, Malaysia",1533.26,USD,Standard
4-Night Langkawi Cruise from Singapore,4_langkawi_singapore,LAN,DA0143,Disney Adventure,Flexible / Multiple Dates,4,SINGAPORE,"Langkawi, Malaysia","Langkawi, Malaysia",1533.26,USD,Standard
4-Night Langkawi Cruise from Singapore,4_langkawi_singapore,LAN,DA0163,Disney Adventure,Flexible / Multiple Dates,4,SINGAPORE,"Langkawi, Malaysia","Langkawi, Malaysia",1533.26,USD,Standard
4-Night Langkawi Cruise from Singapore,4_langkawi_singapore,LAN,DA0159,Disney Adventure,Flexible / Multiple Dates,4,SINGAPORE,"Langkawi, Malaysia","Langkawi, Malaysia",1533.26,USD,Standard
4-Night Langkawi Cruise from Singapore,4_langkawi_singapore,LAN,DA0151,Disney Adventure,Flexible / Multiple Dates,4,SINGAPORE,"Langkawi, Malaysia","Langkawi, Malaysia",1533.26,USD,Standard
4-Night Langkawi Cruise from Singapore,4_langkawi_singapore,LAN,DA0213,Disney Adventure,Flexible / Multiple Dates,4,SINGAPORE,"Langkawi, Malaysia","Langkawi, Malaysia",1533.26,USD,Standard
4-Night Langkawi Cruise from Singapore,4_langkawi_singapore,LAN,DA0215,Disney Adventure,Flexible / Multiple Dates,4,SINGAPORE,"Langkawi, Malaysia","Langkawi, Malaysia",1533.26,USD,Standard
4-Night Langkawi Cruise from Singapore,4_langkawi_singapore,LAN,DA0211,Disney Adventure,Flexible / Multiple Dates,4,SINGAPORE,"Langkawi, Malaysia","Langkawi, Malaysia",1533.26,USD,Standard
4-Night Langkawi Cruise from Singapore,4_langkawi_singapore,LAN,DA0205,Disney Adventure,Flexible / Multiple Dates,4,SINGAPORE,"Langkawi, Malaysia","Langkawi, Malaysia",1533.26,USD,Standard
4-Night Langkawi Cruise from Singapore,4_langkawi_singapore,LAN,DA0207,Disney Adventure,Flexible / Multiple Dates,4,SINGAPORE,"Langkawi, Malaysia","Langkawi, Malaysia",1533.26,USD,Standard
4-Night Langkawi Cruise from Singapore,4_langkawi_singapore,LAN,DA0203,Disney Adventure,Flexible / Multiple Dates,4,SINGAPORE,"Langkawi, Malaysia","Langkawi, Malaysia",1533.26,USD,Standard
4-Night Langkawi Cruise from Singapore,4_langkawi_singapore,LAN,DA0209,Disney Adventure,Flexible / Multiple Dates,4,SINGAPORE,"Langkawi, Malaysia","Langkawi, Malaysia",1533.26,USD,Standard
4-Night Langkawi Cruise from Singapore,4_langkawi_singapore,LAN,DA0161,Disney Adventure,Flexible / Multiple Dates,4,SINGAPORE,"Langkawi, Malaysia","Langkawi, Malaysia",1533.26,USD,Standard
4-Night Langkawi Cruise from Singapore,4_langkawi_singapore,LAN,DA0217,Disney Adventure,Flexible / Multiple Dates,4,SINGAPORE,"Langkawi, Malaysia","Langkawi, Malaysia",1533.26,USD,Standard
4-Night Langkawi Cruise from Singapore,4_langkawi_singapore,LAN,DA0145,Disney Adventure,Flexible / Multiple Dates,4,SINGAPORE,"Langkawi, Malaysia","Langkawi, Malaysia",1533.26,USD,Standard
4-Night Langkawi Cruise from Singapore,4_langkawi_singapore,LAN,DA0135,Disney Adventure,Flexible / Multiple Dates,4,SINGAPORE,"Langkawi, Malaysia","Langkawi, Malaysia",1533.26,USD,Standard
4-Night Langkawi Cruise from Singapore,4_langkawi_singapore,LAN,DA0131,Disney Adventure,Flexible / Multiple Dates,4,SINGAPORE,"Langkawi, Malaysia","Langkawi, Malaysia",1533.26,USD,Standard
4-Night Langkawi Cruise from Singapore,4_langkawi_singapore,LAN,DA0147,Disney Adventure,Flexible / Multiple Dates,4,SINGAPORE,"Langkawi, Malaysia","Langkawi, Malaysia",1533.26,USD,Standard
4-Night Langkawi Cruise from Singapore,4_langkawi_singapore,LAN,DA0219,Disney Adventure,Flexible / Multiple Dates,4,SINGAPORE,"Langkawi, Malaysia","Langkawi, Malaysia",1533.26,USD,Standard
4-Night Langkawi Cruise from Singapore,4_langkawi_singapore,LAN,DA0221,Disney Adventure,Flexible / Multiple Dates,4,SINGAPORE,"Langkawi, Malaysia","Langkawi, Malaysia",1533.26,USD,Standard
4-Night Langkawi Cruise from Singapore,4_langkawi_singapore,LAN,DA0141,Disney Adventure,Flexible / Multiple Dates,4,SINGAPORE,"Langkawi, Malaysia","Langkawi, Malaysia",1533.26,USD,Standard
4-Night Langkawi Cruise from Singapore,4_langkawi_singapore,LAN,DA0223,Disney Adventure,Flexible / Multiple Dates,4,SINGAPORE,"Langkawi, Malaysia","Langkawi, Malaysia",1533.26,USD,Standard
4-Night Langkawi Cruise from Singapore,4_langkawi_singapore,LAN,DA0129,Disney Adventure,Flexible / Multiple Dates,4,SINGAPORE,"Langkawi, Malaysia","Langkawi, Malaysia",1533.26,USD,Standard
4-Night Langkawi Cruise from Singapore,4_langkawi_singapore,LAN,DA0157,Disney Adventure,Flexible / Multiple Dates,4,SINGAPORE,"Langkawi, Malaysia","Langkawi, Malaysia",1533.26,USD,Standard
4-Night Langkawi Cruise from Singapore,4_langkawi_singapore,LAN,DA0225,Disney Adventure,Flexible / Multiple Dates,4,SINGAPORE,"Langkawi, Malaysia","Langkawi, Malaysia",1533.26,USD,Standard
4-Night Langkawi Cruise from Singapore,4_langkawi_singapore,LAN,DA0109,Disney Adventure,Flexible / Multiple Dates,4,SINGAPORE,"Langkawi, Malaysia","Langkawi, Malaysia",1533.26,USD,Standard
3-Night Baja Cruise from San Diego,3_baja_san_diego,ESE,DW2239,Disney Wonder,Flexible / Multiple Dates,3,MEXICAN RIVIERA,"Ensenada, Mexico","Ensenada, Mexico",1228.16,USD,Standard
3-Night Baja Cruise from San Diego,3_baja_san_diego,ESE,DW2237,Disney Wonder,Flexible / Multiple Dates,3,MEXICAN RIVIERA,"Ensenada, Mexico","Ensenada, Mexico",1228.16,USD,Standard
3-Night Baja Cruise from San Diego,3_baja_san_diego,ESE,DW2230,Disney Wonder,Flexible / Multiple Dates,3,MEXICAN RIVIERA,"Ensenada, Mexico","Ensenada, Mexico",1228.16,USD,Standard
3-Night Baja Cruise from San Diego,3_baja_san_diego,ESE,DW2211,Disney Wonder,Flexible / Multiple Dates,3,MEXICAN RIVIERA,"Ensenada, Mexico","Ensenada, Mexico",1228.16,USD,Standard
3-Night Baja Cruise from San Diego,3_baja_san_diego,ESE,DW2308,Disney Wonder,Flexible / Multiple Dates,3,MEXICAN RIVIERA,"Ensenada, Mexico","Ensenada, Mexico",1228.16,USD,Standard
3-Night Baja Cruise from San Diego,3_baja_san_diego,ESE,DW2318,Disney Wonder,Flexible / Multiple Dates,3,MEXICAN RIVIERA,"Ensenada, Mexico","Ensenada, Mexico",1228.16,USD,Standard
3-Night Baja Cruise from San Diego,3_baja_san_diego,ESE,DW2226,Disney Wonder,Flexible / Multiple Dates,3,MEXICAN RIVIERA,"Ensenada, Mexico","Ensenada, Mexico",1228.16,USD,Standard
3-Night Baja Cruise from San Diego,3_baja_san_diego,ESE,DW2302,Disney Wonder,Flexible / Multiple Dates,3,MEXICAN RIVIERA,"Ensenada, Mexico","Ensenada, Mexico",1228.16,USD,Standard
3-Night Baja Cruise from San Diego,3_baja_san_diego,ESE,DW2314,Disney Wonder,Flexible / Multiple Dates,3,MEXICAN RIVIERA,"Ensenada, Mexico","Ensenada, Mexico",1228.16,USD,Standard
3-Night Baja Cruise from San Diego,3_baja_san_diego,ESE,DW2241,Disney Wonder,Flexible / Multiple Dates,3,MEXICAN RIVIERA,"Ensenada, Mexico","Ensenada, Mexico",1228.16,USD,Standard
3-Night Baja Cruise from San Diego,3_baja_san_diego,ESE,DW2329,Disney Wonder,Flexible / Multiple Dates,3,MEXICAN RIVIERA,"Ensenada, Mexico","Ensenada, Mexico",1228.16,USD,Standard
3-Night Baja Cruise from San Diego,3_baja_san_diego,ESE,DW2316,Disney Wonder,Flexible / Multiple Dates,3,MEXICAN RIVIERA,"Ensenada, Mexico","Ensenada, Mexico",1228.16,USD,Standard
3-Night Baja Cruise from San Diego,3_baja_san_diego,ESE,DW2304,Disney Wonder,Flexible / Multiple Dates,3,MEXICAN RIVIERA,"Ensenada, Mexico","Ensenada, Mexico",1228.16,USD,Standard
3-Night Baja Cruise from San Diego,3_baja_san_diego,ESE,DW2309,Disney Wonder,Flexible / Multiple Dates,3,MEXICAN RIVIERA,"Ensenada, Mexico","Ensenada, Mexico",1228.16,USD,Standard
3-Night Baja Cruise from San Diego,3_baja_san_diego,ESE,DW2311,Disney Wonder,Flexible / Multiple Dates,3,MEXICAN RIVIERA,"Ensenada, Mexico","Ensenada, Mexico",1228.16,USD,Standard
3-Night Baja Cruise from San Diego,3_baja_san_diego,ESE,DW2244,Disney Wonder,Flexible / Multiple Dates,3,MEXICAN RIVIERA,"Ensenada, Mexico","Ensenada, Mexico",1228.16,USD,Standard
3-Night Baja Cruise from San Diego,3_baja_san_diego,ESE,DW2235,Disney Wonder,Flexible / Multiple Dates,3,MEXICAN RIVIERA,"Ensenada, Mexico","Ensenada, Mexico",1228.16,USD,Standard
3-Night Baja Cruise from San Diego,3_baja_san_diego,ESE,DW2326,Disney Wonder,Flexible / Multiple Dates,3,MEXICAN RIVIERA,"Ensenada, Mexico","Ensenada, Mexico",1228.16,USD,Standard
3-Night Baja Cruise from San Diego,3_baja_san_diego,ESE,DW2323,Disney Wonder,Flexible / Multiple Dates,3,MEXICAN RIVIERA,"Ensenada, Mexico","Ensenada, Mexico",1228.16,USD,Standard
3-Night Baja Cruise from San Diego,3_baja_san_diego,ESE,DW2321,Disney Wonder,Flexible / Multiple Dates,3,MEXICAN RIVIERA,"Ensenada, Mexico","Ensenada, Mexico",1228.16,USD,Standard
3-Night Baja Cruise from San Diego,3_baja_san_diego,ESE,DW2325,Disney Wonder,Flexible / Multiple Dates,3,MEXICAN RIVIERA,"Ensenada, Mexico","Ensenada, Mexico",1228.16,USD,Standard
4-Night Baja Cruise from San Diego,4_baja_san_diego,ESE,DW2231,Disney Wonder,Flexible / Multiple Dates,4,MEXICAN RIVIERA,"Ensenada, Mexico","Ensenada, Mexico",1295.36,USD,Standard
4-Night Baja Cruise from San Diego,4_baja_san_diego,ESE,DW2238,Disney Wonder,Flexible / Multiple Dates,4,MEXICAN RIVIERA,"Ensenada, Mexico","Ensenada, Mexico",1295.36,USD,Standard
4-Night Baja Cruise from San Diego,4_baja_san_diego,ESE,DW2225,Disney Wonder,Flexible / Multiple Dates,4,MEXICAN RIVIERA,"Ensenada, Mexico","Ensenada, Mexico",1295.36,USD,Standard
4-Night Baja Cruise from San Diego,4_baja_san_diego,ESE,DW2242,Disney Wonder,Flexible / Multiple Dates,4,MEXICAN RIVIERA,"Ensenada, Mexico","Ensenada, Mexico",1295.36,USD,Standard
4-Night Baja Cruise from San Diego,4_baja_san_diego,ESE,DW2289,Disney Wonder,Flexible / Multiple Dates,4,MEXICAN RIVIERA,"Ensenada, Mexico","Ensenada, Mexico",1295.36,USD,Standard
4-Night Baja Cruise from San Diego,4_baja_san_diego,ESE,DW2252,Disney Wonder,Flexible / Multiple Dates,4,MEXICAN RIVIERA,"Ensenada, Mexico","Ensenada, Mexico",1295.36,USD,Standard
4-Night Baja Cruise from San Diego,4_baja_san_diego,ESE,DW2310,Disney Wonder,Flexible / Multiple Dates,4,MEXICAN RIVIERA,"Ensenada, Mexico","Ensenada, Mexico",1295.36,USD,Standard
4-Night Baja Cruise from San Diego,4_baja_san_diego,ESE,DW2245,Disney Wonder,Flexible / Multiple Dates,4,MEXICAN RIVIERA,"Ensenada, Mexico","Ensenada, Mexico",1295.36,USD,Standard
4-Night Baja Cruise from San Diego,4_baja_san_diego,ESE,DW2247,Disney Wonder,Flexible / Multiple Dates,4,MEXICAN RIVIERA,"Ensenada, Mexico","Ensenada, Mexico",1295.36,USD,Standard
3-Night Baja Cruise from San Diego,3_baja_san_diego_merrytime,ESE,DW2221,Disney Wonder,Flexible / Multiple Dates,3,MEXICAN RIVIERA,"Ensenada, Mexico","Ensenada, Mexico",1340.66,USD,Very Merrytime (Holiday)
3-Night Baja Cruise from San Diego,3_baja_san_diego_merrytime,ESE,DW2214,Disney Wonder,Flexible / Multiple Dates,3,MEXICAN RIVIERA,"Ensenada, Mexico","Ensenada, Mexico",1340.66,USD,Very Merrytime (Holiday)
3-Night Baja Cruise from San Diego,3_baja_san_diego_merrytime,ESE,DW2291,Disney Wonder,Flexible / Multiple Dates,3,MEXICAN RIVIERA,"Ensenada, Mexico","Ensenada, Mexico",1340.66,USD,Very Merrytime (Holiday)
3-Night Baja Cruise from San Diego,3_baja_san_diego_merrytime,ESE,DW2218,Disney Wonder,Flexible / Multiple Dates,3,MEXICAN RIVIERA,"Ensenada, Mexico","Ensenada, Mexico",1340.66,USD,Very Merrytime (Holiday)
3-Night Baja Cruise from San Diego,3_baja_san_diego,"CKI,ESE",DW2232,Disney Wonder,Flexible / Multiple Dates,3,MEXICAN RIVIERA,"Catalina Island, California","Catalina Island, California; Ensenada, Mexico",1364.94,USD,Standard
3-Night Baja Cruise from San Diego,3_baja_san_diego,"CKI,ESE",DW2228,Disney Wonder,Flexible / Multiple Dates,3,MEXICAN RIVIERA,"Catalina Island, California","Catalina Island, California; Ensenada, Mexico",1364.94,USD,Standard
3-Night Baja Cruise from San Diego,3_baja_san_diego,"CKI,ESE",DW2246,Disney Wonder,Flexible / Multiple Dates,3,MEXICAN RIVIERA,"Catalina Island, California","Catalina Island, California; Ensenada, Mexico",1364.94,USD,Standard
4-Night Baja Cruise from San Diego,4_baja_san_diego,"CKI,ESE",DW2229,Disney Wonder,Flexible / Multiple Dates,4,MEXICAN RIVIERA,"Catalina Island, California","Catalina Island, California; Ensenada, Mexico",1446.94,USD,Standard
4-Night Baja Cruise from San Diego,4_baja_san_diego,"CKI,ESE",DW2233,Disney Wonder,Flexible / Multiple Dates,4,MEXICAN RIVIERA,"Catalina Island, California","Catalina Island, California; Ensenada, Mexico",1446.94,USD,Standard
4-Night Baja Cruise from San Diego,4_baja_san_diego,"CKI,ESE",DW2212,Disney Wonder,Flexible / Multiple Dates,4,MEXICAN RIVIERA,"Catalina Island, California","Catalina Island, California; Ensenada, Mexico",1446.94,USD,Standard
4-Night Baja Cruise from San Diego,4_baja_san_diego,"CKI,ESE",DW2306,Disney Wonder,Flexible / Multiple Dates,4,MEXICAN RIVIERA,"Catalina Island, California","Catalina Island, California; Ensenada, Mexico",1446.94,USD,Standard
4-Night Baja Cruise from San Diego,4_baja_san_diego,"CKI,ESE",DW2303,Disney Wonder,Flexible / Multiple Dates,4,MEXICAN RIVIERA,"Catalina Island, California","Catalina Island, California; Ensenada, Mexico",1446.94,USD,Standard
4-Night Baja Cruise from San Diego,4_baja_san_diego,"CKI,ESE",DW2240,Disney Wonder,Flexible / Multiple Dates,4,MEXICAN RIVIERA,"Catalina Island, California","Catalina Island, California; Ensenada, Mexico",1446.94,USD,Standard
4-Night Baja Cruise from San Diego,4_baja_san_diego,"CKI,ESE",DW2330,Disney Wonder,Flexible / Multiple Dates,4,MEXICAN RIVIERA,"Catalina Island, California","Catalina Island, California; Ensenada, Mexico",1446.94,USD,Standard
4-Night Baja Cruise from San Diego,4_baja_san_diego,"CKI,ESE",DW2315,Disney Wonder,Flexible / Multiple Dates,4,MEXICAN RIVIERA,"Catalina Island, California","Catalina Island, California; Ensenada, Mexico",1446.94,USD,Standard
4-Night Baja Cruise from San Diego,4_baja_san_diego,"CKI,ESE",DW2290,Disney Wonder,Flexible / Multiple Dates,4,MEXICAN RIVIERA,"Catalina Island, California","Catalina Island, California; Ensenada, Mexico",1446.94,USD,Standard
4-Night Baja Cruise from San Diego,4_baja_san_diego,"CKI,ESE",DW2324,Disney Wonder,Flexible / Multiple Dates,4,MEXICAN RIVIERA,"Catalina Island, California","Catalina Island, California; Ensenada, Mexico",1446.94,USD,Standard
4-Night Baja Cruise from San Diego,4_baja_san_diego,"CKI,ESE",DW2307,Disney Wonder,Flexible / Multiple Dates,4,MEXICAN RIVIERA,"Catalina Island, California","Catalina Island, California; Ensenada, Mexico",1446.94,USD,Standard
4-Night Baja Cruise from San Diego,4_baja_san_diego,"CKI,ESE",DW2313,Disney Wonder,Flexible / Multiple Dates,4,MEXICAN RIVIERA,"Catalina Island, California","Catalina Island, California; Ensenada, Mexico",1446.94,USD,Standard
4-Night Baja Cruise from San Diego,4_baja_san_diego,"CKI,ESE",DW2236,Disney Wonder,Flexible / Multiple Dates,4,MEXICAN RIVIERA,"Catalina Island, California","Catalina Island, California; Ensenada, Mexico",1446.94,USD,Standard
4-Night Baja Cruise from San Diego,4_baja_san_diego,"CKI,ESE",DW2319,Disney Wonder,Flexible / Multiple Dates,4,MEXICAN RIVIERA,"Catalina Island, California","Catalina Island, California; Ensenada, Mexico",1446.94,USD,Standard
4-Night Baja Cruise from San Diego,4_baja_san_diego,"CKI,ESE",DW2327,Disney Wonder,Flexible / Multiple Dates,4,MEXICAN RIVIERA,"Catalina Island, California","Catalina Island, California; Ensenada, Mexico",1446.94,USD,Standard
4-Night Baja Cruise from San Diego,4_baja_san_diego,"CKI,ESE",DW2328,Disney Wonder,Flexible / Multiple Dates,4,MEXICAN RIVIERA,"Catalina Island, California","Catalina Island, California; Ensenada, Mexico",1446.94,USD,Standard
4-Night Baja Cruise from San Diego,4_baja_san_diego,"CKI,ESE",DW2320,Disney Wonder,Flexible / Multiple Dates,4,MEXICAN RIVIERA,"Catalina Island, California","Catalina Island, California; Ensenada, Mexico",1446.94,USD,Standard
4-Night Baja Cruise from San Diego,4_baja_san_diego,"CKI,ESE",DW2322,Disney Wonder,Flexible / Multiple Dates,4,MEXICAN RIVIERA,"Catalina Island, California","Catalina Island, California; Ensenada, Mexico",1446.94,USD,Standard
3-Night Bahamian Cruise from Fort Lauderdale,3_bahamian_fort_lauderdale,LPT,DD1526,Disney Dream,Flexible / Multiple Dates,3,BAHAMAS,Fort Lauderdale,Disney Lookout Cay at Lighthouse Point,1457.58,USD,Standard
3-Night Bahamian Cruise from Fort Lauderdale,3_bahamian_fort_lauderdale,LPT,DD1654,Disney Dream,Flexible / Multiple Dates,3,BAHAMAS,Fort Lauderdale,Disney Lookout Cay at Lighthouse Point,1457.58,USD,Standard
3-Night Bahamian Cruise from Fort Lauderdale,3_bahamian_fort_lauderdale,LPT,DD1668,Disney Dream,Flexible / Multiple Dates,3,BAHAMAS,Fort Lauderdale,Disney Lookout Cay at Lighthouse Point,1457.58,USD,Standard
4-Night Baja Cruise from San Diego,4_baja_san_diego_merrytime,ESE,DW2213,Disney Wonder,Flexible / Multiple Dates,4,MEXICAN RIVIERA,"Ensenada, Mexico","Ensenada, Mexico",1516.66,USD,Very Merrytime (Holiday)
3-Night Bahamian Cruise from Fort Lauderdale,3_bahamian_fort_lauderdale_merrytime,"LPT,NAS",DD1535,Disney Dream,Flexible / Multiple Dates,3,BAHAMAS,Fort Lauderdale,"Disney Lookout Cay at Lighthouse Point; Nassau, Bahamas",1534.0,USD,Very Merrytime (Holiday)
3-Night Bahamian Cruise from Fort Lauderdale,3_bahamian_fort_lauderdale_merrytime,"LPT,NAS",DD1533,Disney Dream,Flexible / Multiple Dates,3,BAHAMAS,Fort Lauderdale,"Disney Lookout Cay at Lighthouse Point; Nassau, Bahamas",1534.0,USD,Very Merrytime (Holiday)
3-Night Bahamian Cruise from Fort Lauderdale,3_bahamian_fort_lauderdale_merrytime,"LPT,NAS",DD1529,Disney Dream,Flexible / Multiple Dates,3,BAHAMAS,Fort Lauderdale,"Disney Lookout Cay at Lighthouse Point; Nassau, Bahamas",1534.0,USD,Very Merrytime (Holiday)
3-Night Bahamian Cruise from Fort Lauderdale,3_bahamian_fort_lauderdale_merrytime,"LPT,NAS",DD1531,Disney Dream,Flexible / Multiple Dates,3,BAHAMAS,Fort Lauderdale,"Disney Lookout Cay at Lighthouse Point; Nassau, Bahamas",1534.0,USD,Very Merrytime (Holiday)
3-Night Bahamian Cruise from Fort Lauderdale,3_bahamian_fort_lauderdale_merrytime,"LPT,NAS",DD1537,Disney Dream,Flexible / Multiple Dates,3,BAHAMAS,Fort Lauderdale,"Disney Lookout Cay at Lighthouse Point; Nassau, Bahamas",1534.0,USD,Very Merrytime (Holiday)
3-Night Bahamian Cruise from Fort Lauderdale,3_bahamian_fort_lauderdale_merrytime,"LPT,NAS",DD1634,Disney Dream,Flexible / Multiple Dates,3,BAHAMAS,Fort Lauderdale,"Disney Lookout Cay at Lighthouse Point; Nassau, Bahamas",1534.0,USD,Very Merrytime (Holiday)
3-Night Bahamian Cruise from Fort Lauderdale,3_bahamian_fort_lauderdale_merrytime,"LPT,NAS",DD1632,Disney Dream,Flexible / Multiple Dates,3,BAHAMAS,Fort Lauderdale,"Disney Lookout Cay at Lighthouse Point; Nassau, Bahamas",1534.0,USD,Very Merrytime (Holiday)
3-Night Bahamian Cruise from Fort Lauderdale,3_bahamian_fort_lauderdale_merrytime,"LPT,NAS",DD1629,Disney Dream,Flexible / Multiple Dates,3,BAHAMAS,Fort Lauderdale,"Disney Lookout Cay at Lighthouse Point; Nassau, Bahamas",1534.0,USD,Very Merrytime (Holiday)
3-Night Bahamian Cruise from Fort Lauderdale,3_bahamian_fort_lauderdale_merrytime,"LPT,NAS",DD1636,Disney Dream,Flexible / Multiple Dates,3,BAHAMAS,Fort Lauderdale,"Disney Lookout Cay at Lighthouse Point; Nassau, Bahamas",1534.0,USD,Very Merrytime (Holiday)
4-Night Baja Cruise from San Diego,4_baja_san_diego_merrytime,"CKI,ESE",DW2219,Disney Wonder,Flexible / Multiple Dates,4,MEXICAN RIVIERA,"Catalina Island, California","Catalina Island, California; Ensenada, Mexico",1545.42,USD,Very Merrytime (Holiday)
4-Night Baja Cruise from San Diego,4_baja_san_diego_merrytime,"CKI,ESE",DW2292,Disney Wonder,Flexible / Multiple Dates,4,MEXICAN RIVIERA,"Catalina Island, California","Catalina Island, California; Ensenada, Mexico",1545.42,USD,Very Merrytime (Holiday)
4-Night Baja Cruise from San Diego,4_baja_san_diego_merrytime,"CKI,ESE",DW2298,Disney Wonder,Flexible / Multiple Dates,4,MEXICAN RIVIERA,"Catalina Island, California","Catalina Island, California; Ensenada, Mexico",1545.42,USD,Very Merrytime (Holiday)
4-Night Baja Cruise from San Diego,4_baja_san_diego_merrytime,"CKI,ESE",DW2220,Disney Wonder,Flexible / Multiple Dates,4,MEXICAN RIVIERA,"Catalina Island, California","Catalina Island, California; Ensenada, Mexico",1545.42,USD,Very Merrytime (Holiday)
4-Night Baja Cruise from San Diego,4_baja_san_diego_merrytime,"CKI,ESE",DW2293,Disney Wonder,Flexible / Multiple Dates,4,MEXICAN RIVIERA,"Catalina Island, California","Catalina Island, California; Ensenada, Mexico",1545.42,USD,Very Merrytime (Holiday)
4-Night Baja Cruise from San Diego,4_baja_san_diego_merrytime,"CKI,ESE",DW2222,Disney Wonder,Flexible / Multiple Dates,4,MEXICAN RIVIERA,"Catalina Island, California","Catalina Island, California; Ensenada, Mexico",1545.42,USD,Very Merrytime (Holiday)
4-Night Baja Cruise from San Diego,4_baja_san_diego_halloween,ESE,DW2208,Disney Wonder,Flexible / Multiple Dates,4,MEXICAN RIVIERA,"Ensenada, Mexico","Ensenada, Mexico",1548.66,USD,Halloween on the High Seas
3-Night Baja Cruise from San Diego,3_baja_san_diego_halloween,ESE,DM1755,Disney Magic,Flexible / Multiple Dates,3,MEXICAN RIVIERA,"Ensenada, Mexico","Ensenada, Mexico",1598.66,USD,Halloween on the High Seas
3-Night Baja Cruise from San Diego,3_baja_san_diego_halloween,ESE,DM1816,Disney Magic,Flexible / Multiple Dates,3,MEXICAN RIVIERA,"Ensenada, Mexico","Ensenada, Mexico",1598.66,USD,Halloween on the High Seas
3-Night Baja Cruise from San Diego,3_baja_san_diego_halloween,ESE,DW2280,Disney Wonder,Flexible / Multiple Dates,3,MEXICAN RIVIERA,"Ensenada, Mexico","Ensenada, Mexico",1598.66,USD,Halloween on the High Seas
3-Night Baja Cruise from San Diego,3_baja_san_diego_halloween,ESE,DW2284,Disney Wonder,Flexible / Multiple Dates,3,MEXICAN RIVIERA,"Ensenada, Mexico","Ensenada, Mexico",1598.66,USD,Halloween on the High Seas
3-Night Baja Cruise from San Diego,3_baja_san_diego_halloween,ESE,DW2282,Disney Wonder,Flexible / Multiple Dates,3,MEXICAN RIVIERA,"Ensenada, Mexico","Ensenada, Mexico",1598.66,USD,Halloween on the High Seas
3-Night Baja Cruise from San Diego,3_baja_san_diego_halloween,ESE,DM1820,Disney Magic,Flexible / Multiple Dates,3,MEXICAN RIVIERA,"Ensenada, Mexico","Ensenada, Mexico",1598.66,USD,Halloween on the High Seas
3-Night Baja Cruise from San Diego,3_baja_san_diego_halloween,ESE,DW2206,Disney Wonder,Flexible / Multiple Dates,3,MEXICAN RIVIERA,"Ensenada, Mexico","Ensenada, Mexico",1598.66,USD,Halloween on the High Seas
3-Night Baja Cruise from San Diego,3_baja_san_diego_halloween,ESE,DM1753,Disney Magic,Flexible / Multiple Dates,3,MEXICAN RIVIERA,"Ensenada, Mexico","Ensenada, Mexico",1598.66,USD,Halloween on the High Seas
4-Night Pacific Coast Cruise from San Diego ending in Vancouver,4_pacific_coast_san_diego_vancouver,VAN,DW2332,Disney Wonder,Flexible / Multiple Dates,4,CALIFORNIA COAST,"Vancouver (British Columbia), Canada","Vancouver (British Columbia), Canada",1656.64,USD,Standard
4-Night Pacific Coast Cruise from San Diego ending in Vancouver,4_pacific_coast_san_diego_vancouver,VAN,DW2255,Disney Wonder,Flexible / Multiple Dates,4,CALIFORNIA COAST,"Vancouver (British Columbia), Canada","Vancouver (British Columbia), Canada",1656.64,USD,Standard
4-Night Pacific Coast Cruise from San Diego ending in Vancouver,4_pacific_coast_san_diego_vancouver,VAN,DM1793,Disney Magic,Flexible / Multiple Dates,4,CALIFORNIA COAST,"Vancouver (British Columbia), Canada","Vancouver (British Columbia), Canada",1656.64,USD,Standard
3-Night Bahamian Cruise from Fort Lauderdale,3_bahamian_fort_lauderdale,"LPT,NAS",DD1541,Disney Dream,Flexible / Multiple Dates,3,BAHAMAS,Fort Lauderdale,"Disney Lookout Cay at Lighthouse Point; Nassau, Bahamas",1660.86,USD,Standard
3-Night Bahamian Cruise from Fort Lauderdale,3_bahamian_fort_lauderdale,"LPT,NAS",DD1546,Disney Dream,Flexible / Multiple Dates,3,BAHAMAS,Fort Lauderdale,"Disney Lookout Cay at Lighthouse Point; Nassau, Bahamas",1660.86,USD,Standard
3-Night Bahamian Cruise from Fort Lauderdale,3_bahamian_fort_lauderdale,"LPT,NAS",DD1642,Disney Dream,Flexible / Multiple Dates,3,BAHAMAS,Fort Lauderdale,"Disney Lookout Cay at Lighthouse Point; Nassau, Bahamas",1660.86,USD,Standard
3-Night Bahamian Cruise from Fort Lauderdale,3_bahamian_fort_lauderdale,"LPT,NAS",DD1652,Disney Dream,Flexible / Multiple Dates,3,BAHAMAS,Fort Lauderdale,"Disney Lookout Cay at Lighthouse Point; Nassau, Bahamas",1660.86,USD,Standard
3-Night Bahamian Cruise from Fort Lauderdale,3_bahamian_fort_lauderdale,"LPT,NAS",DD1650,Disney Dream,Flexible / Multiple Dates,3,BAHAMAS,Fort Lauderdale,"Disney Lookout Cay at Lighthouse Point; Nassau, Bahamas",1660.86,USD,Standard
3-Night Bahamian Cruise from Fort Lauderdale,3_bahamian_fort_lauderdale,"LPT,NAS",DD1648,Disney Dream,Flexible / Multiple Dates,3,BAHAMAS,Fort Lauderdale,"Disney Lookout Cay at Lighthouse Point; Nassau, Bahamas",1660.86,USD,Standard
3-Night Bahamian Cruise from Fort Lauderdale,3_bahamian_fort_lauderdale,"LPT,NAS",DD1646,Disney Dream,Flexible / Multiple Dates,3,BAHAMAS,Fort Lauderdale,"Disney Lookout Cay at Lighthouse Point; Nassau, Bahamas",1660.86,USD,Standard
3-Night Bahamian Cruise from Fort Lauderdale,3_bahamian_fort_lauderdale,"LPT,NAS",DD1656,Disney Dream,Flexible / Multiple Dates,3,BAHAMAS,Fort Lauderdale,"Disney Lookout Cay at Lighthouse Point; Nassau, Bahamas",1660.86,USD,Standard
3-Night Bahamian Cruise from Fort Lauderdale,3_bahamian_fort_lauderdale,"LPT,NAS",DD1553,Disney Dream,Flexible / Multiple Dates,3,BAHAMAS,Fort Lauderdale,"Disney Lookout Cay at Lighthouse Point; Nassau, Bahamas",1660.86,USD,Standard
3-Night Bahamian Cruise from Fort Lauderdale,3_bahamian_fort_lauderdale,"LPT,NAS",DD1548,Disney Dream,Flexible / Multiple Dates,3,BAHAMAS,Fort Lauderdale,"Disney Lookout Cay at Lighthouse Point; Nassau, Bahamas",1660.86,USD,Standard
3-Night Bahamian Cruise from Fort Lauderdale,3_bahamian_fort_lauderdale,"LPT,NAS",DD1644,Disney Dream,Flexible / Multiple Dates,3,BAHAMAS,Fort Lauderdale,"Disney Lookout Cay at Lighthouse Point; Nassau, Bahamas",1660.86,USD,Standard
3-Night Bahamian Cruise from Fort Lauderdale,3_bahamian_fort_lauderdale,"LPT,NAS",DD1658,Disney Dream,Flexible / Multiple Dates,3,BAHAMAS,Fort Lauderdale,"Disney Lookout Cay at Lighthouse Point; Nassau, Bahamas",1660.86,USD,Standard
3-Night Bahamian Cruise from Fort Lauderdale,3_bahamian_fort_lauderdale,"LPT,NAS",DD1543,Disney Dream,Flexible / Multiple Dates,3,BAHAMAS,Fort Lauderdale,"Disney Lookout Cay at Lighthouse Point; Nassau, Bahamas",1660.86,USD,Standard
3-Night Bahamian Cruise from Fort Lauderdale,3_bahamian_fort_lauderdale,"LPT,NAS",DD1666,Disney Dream,Flexible / Multiple Dates,3,BAHAMAS,Fort Lauderdale,"Disney Lookout Cay at Lighthouse Point; Nassau, Bahamas",1660.86,USD,Standard
3-Night Bahamian Cruise from Fort Lauderdale,3_bahamian_fort_lauderdale,"LPT,NAS",DD1664,Disney Dream,Flexible / Multiple Dates,3,BAHAMAS,Fort Lauderdale,"Disney Lookout Cay at Lighthouse Point; Nassau, Bahamas",1660.86,USD,Standard
3-Night Bahamian Cruise from Fort Lauderdale,3_bahamian_fort_lauderdale,"LPT,NAS",DD1565,Disney Dream,Flexible / Multiple Dates,3,BAHAMAS,Fort Lauderdale,"Disney Lookout Cay at Lighthouse Point; Nassau, Bahamas",1660.86,USD,Standard
3-Night Bahamian Cruise from Fort Lauderdale,3_bahamian_fort_lauderdale,"LPT,NAS",DD1555,Disney Dream,Flexible / Multiple Dates,3,BAHAMAS,Fort Lauderdale,"Disney Lookout Cay at Lighthouse Point; Nassau, Bahamas",1660.86,USD,Standard
3-Night Bahamian Cruise from Fort Lauderdale,3_bahamian_fort_lauderdale,"LPT,NAS",DD1563,Disney Dream,Flexible / Multiple Dates,3,BAHAMAS,Fort Lauderdale,"Disney Lookout Cay at Lighthouse Point; Nassau, Bahamas",1660.86,USD,Standard
3-Night Bahamian Cruise from Fort Lauderdale,3_bahamian_fort_lauderdale,"LPT,NAS",DD1660,Disney Dream,Flexible / Multiple Dates,3,BAHAMAS,Fort Lauderdale,"Disney Lookout Cay at Lighthouse Point; Nassau, Bahamas",1660.86,USD,Standard
3-Night Bahamian Cruise from Fort Lauderdale,3_bahamian_fort_lauderdale,"LPT,NAS",DD1557,Disney Dream,Flexible / Multiple Dates,3,BAHAMAS,Fort Lauderdale,"Disney Lookout Cay at Lighthouse Point; Nassau, Bahamas",1660.86,USD,Standard
3-Night Bahamian Cruise from Fort Lauderdale,3_bahamian_fort_lauderdale,"LPT,NAS",WD0136,Disney Destiny,Flexible / Multiple Dates,3,BAHAMAS,Fort Lauderdale,"Disney Lookout Cay at Lighthouse Point; Nassau, Bahamas",1660.86,USD,Standard
3-Night Bahamian Cruise from Fort Lauderdale,3_bahamian_fort_lauderdale,"LPT,NAS",DD1662,Disney Dream,Flexible / Multiple Dates,3,BAHAMAS,Fort Lauderdale,"Disney Lookout Cay at Lighthouse Point; Nassau, Bahamas",1660.86,USD,Standard
3-Night Bahamian Cruise from Fort Lauderdale,3_bahamian_fort_lauderdale,"LPT,NAS",DD1550,Disney Dream,Flexible / Multiple Dates,3,BAHAMAS,Fort Lauderdale,"Disney Lookout Cay at Lighthouse Point; Nassau, Bahamas",1660.86,USD,Standard
3-Night Bahamian Cruise from Fort Lauderdale,3_bahamian_fort_lauderdale,"LPT,NAS",DD1559,Disney Dream,Flexible / Multiple Dates,3,BAHAMAS,Fort Lauderdale,"Disney Lookout Cay at Lighthouse Point; Nassau, Bahamas",1660.86,USD,Standard
3-Night Bahamian Cruise from Fort Lauderdale,3_bahamian_fort_lauderdale,"LPT,NAS",DD1670,Disney Dream,Flexible / Multiple Dates,3,BAHAMAS,Fort Lauderdale,"Disney Lookout Cay at Lighthouse Point; Nassau, Bahamas",1660.86,USD,Standard
3-Night Bahamian Cruise from Fort Lauderdale,3_bahamian_fort_lauderdale,"LPT,NAS",DD1561,Disney Dream,Flexible / Multiple Dates,3,BAHAMAS,Fort Lauderdale,"Disney Lookout Cay at Lighthouse Point; Nassau, Bahamas",1660.86,USD,Standard
4-Night Pacific Coast Cruise from Vancouver ending in San Diego,4_pacific_coast_vancouver_san_diego,SAN,DW2278,Disney Wonder,Flexible / Multiple Dates,4,CALIFORNIA COAST,"San Diego, California","San Diego, California",1715.84,USD,Standard
4-Night Pacific Coast Cruise from Vancouver ending in San Diego,4_pacific_coast_vancouver_san_diego,SAN,DM1813,Disney Magic,Flexible / Multiple Dates,4,CALIFORNIA COAST,"San Diego, California","San Diego, California",1715.84,USD,Standard
4-Night Western Caribbean Cruise from Galveston,4_western_caribbean_galveston_merrytime,PGO,DM1765,Disney Magic,Flexible / Multiple Dates,4,CARIBBEAN,"Progreso, Mexico","Progreso, Mexico",1721.98,USD,Very Merrytime (Holiday)
4-Night Western Caribbean Cruise from Galveston,4_western_caribbean_galveston_merrytime,PGO,DM1764,Disney Magic,Flexible / Multiple Dates,4,CARIBBEAN,"Progreso, Mexico","Progreso, Mexico",1721.98,USD,Very Merrytime (Holiday)
4-Night Western Caribbean Cruise from Galveston,4_western_caribbean_galveston_merrytime,PGO,DM1826,Disney Magic,Flexible / Multiple Dates,4,CARIBBEAN,"Progreso, Mexico","Progreso, Mexico",1721.98,USD,Very Merrytime (Holiday)
4-Night Western Caribbean Cruise from Galveston,4_western_caribbean_galveston_merrytime,PGO,DM1829,Disney Magic,Flexible / Multiple Dates,4,CARIBBEAN,"Progreso, Mexico","Progreso, Mexico",1721.98,USD,Very Merrytime (Holiday)
4-Night Western Caribbean Cruise from Galveston,4_western_caribbean_galveston_merrytime,PGO,DM1761,Disney Magic,Flexible / Multiple Dates,4,CARIBBEAN,"Progreso, Mexico","Progreso, Mexico",1721.98,USD,Very Merrytime (Holiday)
5-Night Mexican Riviera Cruise from San Diego,5_mexican_riviera_san_diego_halloween,"CSL,ESE",DW2209,Disney Wonder,Flexible / Multiple Dates,5,MEXICAN RIVIERA,"Cabo San Lucas, Mexico","Cabo San Lucas, Mexico; Ensenada, Mexico",1734.96,USD,Halloween on the High Seas
5-Night Mexican Riviera Cruise from San Diego,5_mexican_riviera_san_diego_halloween,"CSL,ESE",DM1756,Disney Magic,Flexible / Multiple Dates,5,MEXICAN RIVIERA,"Cabo San Lucas, Mexico","Cabo San Lucas, Mexico; Ensenada, Mexico",1734.96,USD,Halloween on the High Seas
5-Night Mexican Riviera Cruise from San Diego,5_mexican_riviera_san_diego_halloween,"CSL,ESE",DW2287,Disney Wonder,Flexible / Multiple Dates,5,MEXICAN RIVIERA,"Cabo San Lucas, Mexico","Cabo San Lucas, Mexico; Ensenada, Mexico",1734.96,USD,Halloween on the High Seas
5-Night Mexican Riviera Cruise from San Diego,5_mexican_riviera_san_diego_halloween,"CSL,ESE",DM1819,Disney Magic,Flexible / Multiple Dates,5,MEXICAN RIVIERA,"Cabo San Lucas, Mexico","Cabo San Lucas, Mexico; Ensenada, Mexico",1734.96,USD,Halloween on the High Seas
3-Night Bahamian Cruise from Port Canaveral,3_bahamian_port_canaveral,"GOC,NAS",WW0526,Disney Wish,Flexible / Multiple Dates,3,BAHAMAS,"Nassau, Bahamas","Nassau, Bahamas; Disney Castaway Cay",1750.06,USD,Standard
3-Night Bahamian Cruise from Port Canaveral,3_bahamian_port_canaveral,"GOC,NAS",DF0851,Disney Fantasy,Flexible / Multiple Dates,3,BAHAMAS,"Nassau, Bahamas","Nassau, Bahamas; Disney Castaway Cay",1750.06,USD,Standard
3-Night Bahamian Cruise from Port Canaveral,3_bahamian_port_canaveral,"GOC,NAS",WW0550,Disney Wish,Flexible / Multiple Dates,3,BAHAMAS,"Nassau, Bahamas","Nassau, Bahamas; Disney Castaway Cay",1750.06,USD,Standard
3-Night Bahamian Cruise from Port Canaveral,3_bahamian_port_canaveral,"GOC,NAS",WW0544,Disney Wish,Flexible / Multiple Dates,3,BAHAMAS,"Nassau, Bahamas","Nassau, Bahamas; Disney Castaway Cay",1750.06,USD,Standard
3-Night Bahamian Cruise from Port Canaveral,3_bahamian_port_canaveral,"GOC,NAS",WW0548,Disney Wish,Flexible / Multiple Dates,3,BAHAMAS,"Nassau, Bahamas","Nassau, Bahamas; Disney Castaway Cay",1750.06,USD,Standard
3-Night Bahamian Cruise from Port Canaveral,3_bahamian_port_canaveral,"GOC,NAS",WW0556,Disney Wish,Flexible / Multiple Dates,3,BAHAMAS,"Nassau, Bahamas","Nassau, Bahamas; Disney Castaway Cay",1750.06,USD,Standard
3-Night Bahamian Cruise from Port Canaveral,3_bahamian_port_canaveral,"GOC,NAS",WW0558,Disney Wish,Flexible / Multiple Dates,3,BAHAMAS,"Nassau, Bahamas","Nassau, Bahamas; Disney Castaway Cay",1750.06,USD,Standard
3-Night Bahamian Cruise from Port Canaveral,3_bahamian_port_canaveral,"GOC,NAS",DD1604,Disney Dream,Flexible / Multiple Dates,3,BAHAMAS,"Nassau, Bahamas","Nassau, Bahamas; Disney Castaway Cay",1750.06,USD,Standard
3-Night Bahamian Cruise from Port Canaveral,3_bahamian_port_canaveral,"GOC,NAS",DD1569,Disney Dream,Flexible / Multiple Dates,3,BAHAMAS,"Nassau, Bahamas","Nassau, Bahamas; Disney Castaway Cay",1750.06,USD,Standard
3-Night Bahamian Cruise from Port Canaveral,3_bahamian_port_canaveral,"GOC,NAS",DD1570,Disney Dream,Flexible / Multiple Dates,3,BAHAMAS,"Nassau, Bahamas","Nassau, Bahamas; Disney Castaway Cay",1750.06,USD,Standard
3-Night Bahamian Cruise from Port Canaveral,3_bahamian_port_canaveral,"GOC,NAS",DD1602,Disney Dream,Flexible / Multiple Dates,3,BAHAMAS,"Nassau, Bahamas","Nassau, Bahamas; Disney Castaway Cay",1750.06,USD,Standard
3-Night Bahamian Cruise from Port Canaveral,3_bahamian_port_canaveral,"GOC,NAS",WW0552,Disney Wish,Flexible / Multiple Dates,3,BAHAMAS,"Nassau, Bahamas","Nassau, Bahamas; Disney Castaway Cay",1750.06,USD,Standard
3-Night Bahamian Cruise from Port Canaveral,3_bahamian_port_canaveral,"GOC,NAS",WW0625,Disney Wish,Flexible / Multiple Dates,3,BAHAMAS,"Nassau, Bahamas","Nassau, Bahamas; Disney Castaway Cay",1750.06,USD,Standard
3-Night Bahamian Cruise from Port Canaveral,3_bahamian_port_canaveral,"GOC,NAS",DD1572,Disney Dream,Flexible / Multiple Dates,3,BAHAMAS,"Nassau, Bahamas","Nassau, Bahamas; Disney Castaway Cay",1750.06,USD,Standard
3-Night Bahamian Cruise from Port Canaveral,3_bahamian_port_canaveral,"GOC,NAS",WW0629,Disney Wish,Flexible / Multiple Dates,3,BAHAMAS,"Nassau, Bahamas","Nassau, Bahamas; Disney Castaway Cay",1750.06,USD,Standard
3-Night Bahamian Cruise from Port Canaveral,3_bahamian_port_canaveral,"GOC,NAS",DD1600,Disney Dream,Flexible / Multiple Dates,3,BAHAMAS,"Nassau, Bahamas","Nassau, Bahamas; Disney Castaway Cay",1750.06,USD,Standard
3-Night Bahamian Cruise from Port Canaveral,3_bahamian_port_canaveral,"GOC,NAS",DD1574,Disney Dream,Flexible / Multiple Dates,3,BAHAMAS,"Nassau, Bahamas","Nassau, Bahamas; Disney Castaway Cay",1750.06,USD,Standard
3-Night Bahamian Cruise from Port Canaveral,3_bahamian_port_canaveral,"GOC,NAS",WW0573,Disney Wish,Flexible / Multiple Dates,3,BAHAMAS,"Nassau, Bahamas","Nassau, Bahamas; Disney Castaway Cay",1750.06,USD,Standard
3-Night Bahamian Cruise from Port Canaveral,3_bahamian_port_canaveral,"GOC,NAS",WW0572,Disney Wish,Flexible / Multiple Dates,3,BAHAMAS,"Nassau, Bahamas","Nassau, Bahamas; Disney Castaway Cay",1750.06,USD,Standard
3-Night Bahamian Cruise from Port Canaveral,3_bahamian_port_canaveral,"GOC,NAS",WW0635,Disney Wish,Flexible / Multiple Dates,3,BAHAMAS,"Nassau, Bahamas","Nassau, Bahamas; Disney Castaway Cay",1750.06,USD,Standard
3-Night Bahamian Cruise from Port Canaveral,3_bahamian_port_canaveral,"GOC,NAS",WW0621,Disney Wish,Flexible / Multiple Dates,3,BAHAMAS,"Nassau, Bahamas","Nassau, Bahamas; Disney Castaway Cay",1750.06,USD,Standard
3-Night Bahamian Cruise from Port Canaveral,3_bahamian_port_canaveral,"GOC,NAS",DD1624,Disney Dream,Flexible / Multiple Dates,3,BAHAMAS,"Nassau, Bahamas","Nassau, Bahamas; Disney Castaway Cay",1750.06,USD,Standard
3-Night Bahamian Cruise from Port Canaveral,3_bahamian_port_canaveral,"GOC,NAS",DD1606,Disney Dream,Flexible / Multiple Dates,3,BAHAMAS,"Nassau, Bahamas","Nassau, Bahamas; Disney Castaway Cay",1750.06,USD,Standard
3-Night Bahamian Cruise from Port Canaveral,3_bahamian_port_canaveral,"GOC,NAS",WW0606,Disney Wish,Flexible / Multiple Dates,3,BAHAMAS,"Nassau, Bahamas","Nassau, Bahamas; Disney Castaway Cay",1750.06,USD,Standard
3-Night Bahamian Cruise from Port Canaveral,3_bahamian_port_canaveral,"GOC,NAS",WW0570,Disney Wish,Flexible / Multiple Dates,3,BAHAMAS,"Nassau, Bahamas","Nassau, Bahamas; Disney Castaway Cay",1750.06,USD,Standard
3-Night Bahamian Cruise from Port Canaveral,3_bahamian_port_canaveral,"GOC,NAS",WW0631,Disney Wish,Flexible / Multiple Dates,3,BAHAMAS,"Nassau, Bahamas","Nassau, Bahamas; Disney Castaway Cay",1750.06,USD,Standard
3-Night Bahamian Cruise from Port Canaveral,3_bahamian_port_canaveral,"GOC,NAS",WW0560,Disney Wish,Flexible / Multiple Dates,3,BAHAMAS,"Nassau, Bahamas","Nassau, Bahamas; Disney Castaway Cay",1750.06,USD,Standard
3-Night Bahamian Cruise from Port Canaveral,3_bahamian_port_canaveral,"GOC,NAS",WW0653,Disney Wish,Flexible / Multiple Dates,3,BAHAMAS,"Nassau, Bahamas","Nassau, Bahamas; Disney Castaway Cay",1750.06,USD,Standard
3-Night Bahamian Cruise from Port Canaveral,3_bahamian_port_canaveral,"GOC,NAS",WW0574,Disney Wish,Flexible / Multiple Dates,3,BAHAMAS,"Nassau, Bahamas","Nassau, Bahamas; Disney Castaway Cay",1750.06,USD,Standard
3-Night Bahamian Cruise from Port Canaveral,3_bahamian_port_canaveral,"GOC,NAS",WW0633,Disney Wish,Flexible / Multiple Dates,3,BAHAMAS,"Nassau, Bahamas","Nassau, Bahamas; Disney Castaway Cay",1750.06,USD,Standard
3-Night Bahamian Cruise from Port Canaveral,3_bahamian_port_canaveral,"GOC,NAS",WW0655,Disney Wish,Flexible / Multiple Dates,3,BAHAMAS,"Nassau, Bahamas","Nassau, Bahamas; Disney Castaway Cay",1750.06,USD,Standard
3-Night Bahamian Cruise from Port Canaveral,3_bahamian_port_canaveral,"GOC,NAS",WW0651,Disney Wish,Flexible / Multiple Dates,3,BAHAMAS,"Nassau, Bahamas","Nassau, Bahamas; Disney Castaway Cay",1750.06,USD,Standard
3-Night Bahamian Cruise from Port Canaveral,3_bahamian_port_canaveral,"GOC,NAS",WW0623,Disney Wish,Flexible / Multiple Dates,3,BAHAMAS,"Nassau, Bahamas","Nassau, Bahamas; Disney Castaway Cay",1750.06,USD,Standard
3-Night Bahamian Cruise from Port Canaveral,3_bahamian_port_canaveral,"GOC,NAS",WW0568,Disney Wish,Flexible / Multiple Dates,3,BAHAMAS,"Nassau, Bahamas","Nassau, Bahamas; Disney Castaway Cay",1750.06,USD,Standard
3-Night Bahamian Cruise from Port Canaveral,3_bahamian_port_canaveral,"GOC,NAS",WW0562,Disney Wish,Flexible / Multiple Dates,3,BAHAMAS,"Nassau, Bahamas","Nassau, Bahamas; Disney Castaway Cay",1750.06,USD,Standard
3-Night Bahamian Cruise from Port Canaveral,3_bahamian_port_canaveral,"GOC,NAS",WW0546,Disney Wish,Flexible / Multiple Dates,3,BAHAMAS,"Nassau, Bahamas","Nassau, Bahamas; Disney Castaway Cay",1750.06,USD,Standard
3-Night Bahamian Cruise from Port Canaveral,3_bahamian_port_canaveral,"GOC,NAS",WW0564,Disney Wish,Flexible / Multiple Dates,3,BAHAMAS,"Nassau, Bahamas","Nassau, Bahamas; Disney Castaway Cay",1750.06,USD,Standard
3-Night Bahamian Cruise from Port Canaveral,3_bahamian_port_canaveral,"GOC,NAS",WW0637,Disney Wish,Flexible / Multiple Dates,3,BAHAMAS,"Nassau, Bahamas","Nassau, Bahamas; Disney Castaway Cay",1750.06,USD,Standard
3-Night Bahamian Cruise from Port Canaveral,3_bahamian_port_canaveral,"GOC,NAS",WW0554,Disney Wish,Flexible / Multiple Dates,3,BAHAMAS,"Nassau, Bahamas","Nassau, Bahamas; Disney Castaway Cay",1750.06,USD,Standard
3-Night Bahamian Cruise from Port Canaveral,3_bahamian_port_canaveral,"GOC,NAS",DD1576,Disney Dream,Flexible / Multiple Dates,3,BAHAMAS,"Nassau, Bahamas","Nassau, Bahamas; Disney Castaway Cay",1750.06,USD,Standard
3-Night Bahamian Cruise from Port Canaveral,3_bahamian_port_canaveral,"GOC,NAS",WW0645,Disney Wish,Flexible / Multiple Dates,3,BAHAMAS,"Nassau, Bahamas","Nassau, Bahamas; Disney Castaway Cay",1750.06,USD,Standard
3-Night Bahamian Cruise from Port Canaveral,3_bahamian_port_canaveral,"GOC,NAS",DD1580,Disney Dream,Flexible / Multiple Dates,3,BAHAMAS,"Nassau, Bahamas","Nassau, Bahamas; Disney Castaway Cay",1750.06,USD,Standard
3-Night Bahamian Cruise from Port Canaveral,3_bahamian_port_canaveral,"GOC,NAS",DD1582,Disney Dream,Flexible / Multiple Dates,3,BAHAMAS,"Nassau, Bahamas","Nassau, Bahamas; Disney Castaway Cay",1750.06,USD,Standard
3-Night Bahamian Cruise from Port Canaveral,3_bahamian_port_canaveral,"GOC,NAS",WW0639,Disney Wish,Flexible / Multiple Dates,3,BAHAMAS,"Nassau, Bahamas","Nassau, Bahamas; Disney Castaway Cay",1750.06,USD,Standard
3-Night Bahamian Cruise from Port Canaveral,3_bahamian_port_canaveral,"GOC,NAS",WW0641,Disney Wish,Flexible / Multiple Dates,3,BAHAMAS,"Nassau, Bahamas","Nassau, Bahamas; Disney Castaway Cay",1750.06,USD,Standard
3-Night Bahamian Cruise from Port Canaveral,3_bahamian_port_canaveral,"GOC,NAS",DD1596,Disney Dream,Flexible / Multiple Dates,3,BAHAMAS,"Nassau, Bahamas","Nassau, Bahamas; Disney Castaway Cay",1750.06,USD,Standard
3-Night Bahamian Cruise from Port Canaveral,3_bahamian_port_canaveral,"GOC,NAS",DD1584,Disney Dream,Flexible / Multiple Dates,3,BAHAMAS,"Nassau, Bahamas","Nassau, Bahamas; Disney Castaway Cay",1750.06,USD,Standard
3-Night Bahamian Cruise from Port Canaveral,3_bahamian_port_canaveral,"GOC,NAS",DD1592,Disney Dream,Flexible / Multiple Dates,3,BAHAMAS,"Nassau, Bahamas","Nassau, Bahamas; Disney Castaway Cay",1750.06,USD,Standard
3-Night Bahamian Cruise from Port Canaveral,3_bahamian_port_canaveral,"GOC,NAS",DD1594,Disney Dream,Flexible / Multiple Dates,3,BAHAMAS,"Nassau, Bahamas","Nassau, Bahamas; Disney Castaway Cay",1750.06,USD,Standard
3-Night Bahamian Cruise from Port Canaveral,3_bahamian_port_canaveral,"GOC,NAS",DD1590,Disney Dream,Flexible / Multiple Dates,3,BAHAMAS,"Nassau, Bahamas","Nassau, Bahamas; Disney Castaway Cay",1750.06,USD,Standard
3-Night Bahamian Cruise from Port Canaveral,3_bahamian_port_canaveral,"GOC,NAS",DD1578,Disney Dream,Flexible / Multiple Dates,3,BAHAMAS,"Nassau, Bahamas","Nassau, Bahamas; Disney Castaway Cay",1750.06,USD,Standard
3-Night Bahamian Cruise from Port Canaveral,3_bahamian_port_canaveral,"GOC,NAS",WW0647,Disney Wish,Flexible / Multiple Dates,3,BAHAMAS,"Nassau, Bahamas","Nassau, Bahamas; Disney Castaway Cay",1750.06,USD,Standard
3-Night Bahamian Cruise from Port Canaveral,3_bahamian_port_canaveral,"GOC,NAS",DD1588,Disney Dream,Flexible / Multiple Dates,3,BAHAMAS,"Nassau, Bahamas","Nassau, Bahamas; Disney Castaway Cay",1750.06,USD,Standard
3-Night Bahamian Cruise from Port Canaveral,3_bahamian_port_canaveral,"GOC,NAS",WW0566,Disney Wish,Flexible / Multiple Dates,3,BAHAMAS,"Nassau, Bahamas","Nassau, Bahamas; Disney Castaway Cay",1750.06,USD,Standard
3-Night Bahamian Cruise from Port Canaveral,3_bahamian_port_canaveral,"GOC,NAS",WW0649,Disney Wish,Flexible / Multiple Dates,3,BAHAMAS,"Nassau, Bahamas","Nassau, Bahamas; Disney Castaway Cay",1750.06,USD,Standard
3-Night Bahamian Cruise from Port Canaveral,3_bahamian_port_canaveral,"GOC,NAS",WW0541,Disney Wish,Flexible / Multiple Dates,3,BAHAMAS,"Nassau, Bahamas","Nassau, Bahamas; Disney Castaway Cay",1750.06,USD,Standard
4-Night Bahamian Cruise from Fort Lauderdale,4_bahamian_fort_lauderdale_halloween,"LPT,NAS",DD1523,Disney Dream,Flexible / Multiple Dates,4,BAHAMAS,"Nassau, Bahamas","Nassau, Bahamas; Disney Lookout Cay at Lighthouse Point",1762.0,USD,Halloween on the High Seas
4-Night Bahamian Cruise from Fort Lauderdale,4_bahamian_fort_lauderdale_halloween,"LPT,NAS",WD0145,Disney Destiny,Flexible / Multiple Dates,4,BAHAMAS,"Nassau, Bahamas","Nassau, Bahamas; Disney Lookout Cay at Lighthouse Point",1762.0,USD,Halloween on the High Seas
4-Night Bahamian Cruise from Fort Lauderdale,4_bahamian_fort_lauderdale_halloween,"LPT,NAS",WD0151,Disney Destiny,Flexible / Multiple Dates,4,BAHAMAS,"Nassau, Bahamas","Nassau, Bahamas; Disney Lookout Cay at Lighthouse Point",1762.0,USD,Halloween on the High Seas
4-Night Bahamian Cruise from Fort Lauderdale,4_bahamian_fort_lauderdale_halloween,"LPT,NAS",WD0148,Disney Destiny,Flexible / Multiple Dates,4,BAHAMAS,"Nassau, Bahamas","Nassau, Bahamas; Disney Lookout Cay at Lighthouse Point",1762.0,USD,Halloween on the High Seas
4-Night Western Caribbean Cruise from Galveston,4_western_caribbean_galveston,PGO,DM1833,Disney Magic,Flexible / Multiple Dates,4,CARIBBEAN,"Progreso, Mexico","Progreso, Mexico",1813.26,USD,Standard
4-Night Western Caribbean Cruise from Galveston,4_western_caribbean_galveston,PGO,DM1771,Disney Magic,Flexible / Multiple Dates,4,CARIBBEAN,"Progreso, Mexico","Progreso, Mexico",1813.26,USD,Standard
4-Night Western Caribbean Cruise from Galveston,4_western_caribbean_galveston,PGO,DM1835,Disney Magic,Flexible / Multiple Dates,4,CARIBBEAN,"Progreso, Mexico","Progreso, Mexico",1813.26,USD,Standard
4-Night Western Caribbean Cruise from Galveston,4_western_caribbean_galveston,PGO,DM1839,Disney Magic,Flexible / Multiple Dates,4,CARIBBEAN,"Progreso, Mexico","Progreso, Mexico",1813.26,USD,Standard
4-Night Western Caribbean Cruise from Galveston,4_western_caribbean_galveston,PGO,DM1843,Disney Magic,Flexible / Multiple Dates,4,CARIBBEAN,"Progreso, Mexico","Progreso, Mexico",1813.26,USD,Standard
4-Night Western Caribbean Cruise from Galveston,4_western_caribbean_galveston,PGO,DM1770,Disney Magic,Flexible / Multiple Dates,4,CARIBBEAN,"Progreso, Mexico","Progreso, Mexico",1813.26,USD,Standard
4-Night Western Caribbean Cruise from Galveston,4_western_caribbean_galveston,PGO,DM1769,Disney Magic,Flexible / Multiple Dates,4,CARIBBEAN,"Progreso, Mexico","Progreso, Mexico",1813.26,USD,Standard
4-Night Western Caribbean Cruise from Galveston,4_western_caribbean_galveston,PGO,DM1790,Disney Magic,Flexible / Multiple Dates,4,CARIBBEAN,"Progreso, Mexico","Progreso, Mexico",1813.26,USD,Standard
4-Night Western Caribbean Cruise from Galveston,4_western_caribbean_galveston,PGO,DM1787,Disney Magic,Flexible / Multiple Dates,4,CARIBBEAN,"Progreso, Mexico","Progreso, Mexico",1813.26,USD,Standard
4-Night Western Caribbean Cruise from Galveston,4_western_caribbean_galveston,PGO,DM1784,Disney Magic,Flexible / Multiple Dates,4,CARIBBEAN,"Progreso, Mexico","Progreso, Mexico",1813.26,USD,Standard
4-Night Western Caribbean Cruise from Galveston,4_western_caribbean_galveston,PGO,DM1848,Disney Magic,Flexible / Multiple Dates,4,CARIBBEAN,"Progreso, Mexico","Progreso, Mexico",1813.26,USD,Standard
4-Night Western Caribbean Cruise from Galveston,4_western_caribbean_galveston,PGO,DM1846,Disney Magic,Flexible / Multiple Dates,4,CARIBBEAN,"Progreso, Mexico","Progreso, Mexico",1813.26,USD,Standard
4-Night Western Caribbean Cruise from Galveston,4_western_caribbean_galveston,PGO,DM1824,Disney Magic,Flexible / Multiple Dates,4,CARIBBEAN,"Progreso, Mexico","Progreso, Mexico",1813.26,USD,Standard
4-Night Bahamian Cruise from Fort Lauderdale,4_bahamian_fort_lauderdale_halloween,"GOC,LPT",DD1521,Disney Dream,Flexible / Multiple Dates,4,BAHAMAS,Fort Lauderdale,Disney Lookout Cay at Lighthouse Point; Disney Castaway Cay,1820.16,USD,Halloween on the High Seas
4-Night Bahamian Cruise from Fort Lauderdale,4_bahamian_fort_lauderdale_halloween,"GOC,LPT",WD0141,Disney Destiny,Flexible / Multiple Dates,4,BAHAMAS,Fort Lauderdale,Disney Lookout Cay at Lighthouse Point; Disney Castaway Cay,1820.16,USD,Halloween on the High Seas
3-Night Bahamian Cruise from Fort Lauderdale,3_bahamian_fort_lauderdale_halloween,"LPT,NAS",DD1520,Disney Dream,Flexible / Multiple Dates,3,BAHAMAS,Fort Lauderdale,"Disney Lookout Cay at Lighthouse Point; Nassau, Bahamas",1846.0,USD,Halloween on the High Seas
3-Night Bahamian Cruise from Fort Lauderdale,3_bahamian_fort_lauderdale_halloween,"LPT,NAS",DD1522,Disney Dream,Flexible / Multiple Dates,3,BAHAMAS,Fort Lauderdale,"Disney Lookout Cay at Lighthouse Point; Nassau, Bahamas",1846.0,USD,Halloween on the High Seas
3-Night Bahamian Cruise from Fort Lauderdale,3_bahamian_fort_lauderdale_halloween,"LPT,NAS",WD0140,Disney Destiny,Flexible / Multiple Dates,3,BAHAMAS,Fort Lauderdale,"Disney Lookout Cay at Lighthouse Point; Nassau, Bahamas",1846.0,USD,Halloween on the High Seas
3-Night Bahamian Cruise from Fort Lauderdale,3_bahamian_fort_lauderdale_halloween,"LPT,NAS",WD0142,Disney Destiny,Flexible / Multiple Dates,3,BAHAMAS,Fort Lauderdale,"Disney Lookout Cay at Lighthouse Point; Nassau, Bahamas",1846.0,USD,Halloween on the High Seas
4-Night Bahamian Cruise from Fort Lauderdale,4_bahamian_fort_lauderdale_merrytime,"GOC,LPT",DD1532,Disney Dream,Flexible / Multiple Dates,4,BAHAMAS,Fort Lauderdale,Disney Lookout Cay at Lighthouse Point; Disney Castaway Cay,1852.16,USD,Very Merrytime (Holiday)
4-Night Bahamian Cruise from Fort Lauderdale,4_bahamian_fort_lauderdale_merrytime,"GOC,LPT",DD1534,Disney Dream,Flexible / Multiple Dates,4,BAHAMAS,Fort Lauderdale,Disney Lookout Cay at Lighthouse Point; Disney Castaway Cay,1852.16,USD,Very Merrytime (Holiday)
4-Night Bahamian Cruise from Fort Lauderdale,4_bahamian_fort_lauderdale_merrytime,"GOC,LPT",DD1536,Disney Dream,Flexible / Multiple Dates,4,BAHAMAS,Fort Lauderdale,Disney Lookout Cay at Lighthouse Point; Disney Castaway Cay,1852.16,USD,Very Merrytime (Holiday)
4-Night Bahamian Cruise from Fort Lauderdale,4_bahamian_fort_lauderdale_merrytime,"GOC,LPT",DD1633,Disney Dream,Flexible / Multiple Dates,4,BAHAMAS,Fort Lauderdale,Disney Lookout Cay at Lighthouse Point; Disney Castaway Cay,1852.16,USD,Very Merrytime (Holiday)
4-Night Bahamian Cruise from Fort Lauderdale,4_bahamian_fort_lauderdale_merrytime,"GOC,LPT",WD0080,Disney Destiny,Flexible / Multiple Dates,4,BAHAMAS,Fort Lauderdale,Disney Lookout Cay at Lighthouse Point; Disney Castaway Cay,1852.16,USD,Very Merrytime (Holiday)
4-Night Bahamian Cruise from Fort Lauderdale,4_bahamian_fort_lauderdale_merrytime,"GOC,LPT",WD0156,Disney Destiny,Flexible / Multiple Dates,4,BAHAMAS,Fort Lauderdale,Disney Lookout Cay at Lighthouse Point; Disney Castaway Cay,1852.16,USD,Very Merrytime (Holiday)
4-Night Bahamian Cruise from Fort Lauderdale,4_bahamian_fort_lauderdale_merrytime,"GOC,LPT",DD1637,Disney Dream,Flexible / Multiple Dates,4,BAHAMAS,Fort Lauderdale,Disney Lookout Cay at Lighthouse Point; Disney Castaway Cay,1852.16,USD,Very Merrytime (Holiday)
4-Night Bahamian Cruise from Fort Lauderdale,4_bahamian_fort_lauderdale_merrytime,"GOC,LPT",WD0085,Disney Destiny,Flexible / Multiple Dates,4,BAHAMAS,Fort Lauderdale,Disney Lookout Cay at Lighthouse Point; Disney Castaway Cay,1852.16,USD,Very Merrytime (Holiday)
4-Night Bahamian Cruise from Fort Lauderdale,4_bahamian_fort_lauderdale,"LPT,NAS",DD1527,Disney Dream,Flexible / Multiple Dates,4,BAHAMAS,Fort Lauderdale,"Disney Lookout Cay at Lighthouse Point; Nassau, Bahamas",1874.0,USD,Standard
4-Night Bahamian Cruise from Fort Lauderdale,4_bahamian_fort_lauderdale,"LPT,NAS",DD1649,Disney Dream,Flexible / Multiple Dates,4,BAHAMAS,Fort Lauderdale,"Disney Lookout Cay at Lighthouse Point; Nassau, Bahamas",1874.0,USD,Standard
4-Night Bahamian Cruise from Fort Lauderdale,4_bahamian_fort_lauderdale,"LPT,NAS",DD1647,Disney Dream,Flexible / Multiple Dates,4,BAHAMAS,Fort Lauderdale,"Disney Lookout Cay at Lighthouse Point; Nassau, Bahamas",1874.0,USD,Standard
4-Night Bahamian Cruise from Fort Lauderdale,4_bahamian_fort_lauderdale,"LPT,NAS",DD1544,Disney Dream,Flexible / Multiple Dates,4,BAHAMAS,Fort Lauderdale,"Disney Lookout Cay at Lighthouse Point; Nassau, Bahamas",1874.0,USD,Standard
4-Night Bahamian Cruise from Fort Lauderdale,4_bahamian_fort_lauderdale,"LPT,NAS",DF0931,Disney Fantasy,Flexible / Multiple Dates,4,BAHAMAS,Fort Lauderdale,"Disney Lookout Cay at Lighthouse Point; Nassau, Bahamas",1874.0,USD,Standard
4-Night Bahamian Cruise from Fort Lauderdale,4_bahamian_fort_lauderdale,"LPT,NAS",DD1645,Disney Dream,Flexible / Multiple Dates,4,BAHAMAS,Fort Lauderdale,"Disney Lookout Cay at Lighthouse Point; Nassau, Bahamas",1874.0,USD,Standard
4-Night Bahamian Cruise from Fort Lauderdale,4_bahamian_fort_lauderdale,"LPT,NAS",DD1643,Disney Dream,Flexible / Multiple Dates,4,BAHAMAS,Fort Lauderdale,"Disney Lookout Cay at Lighthouse Point; Nassau, Bahamas",1874.0,USD,Standard
4-Night Bahamian Cruise from Fort Lauderdale,4_bahamian_fort_lauderdale,"LPT,NAS",DF0934,Disney Fantasy,Flexible / Multiple Dates,4,BAHAMAS,Fort Lauderdale,"Disney Lookout Cay at Lighthouse Point; Nassau, Bahamas",1874.0,USD,Standard
4-Night Bahamian Cruise from Fort Lauderdale,4_bahamian_fort_lauderdale,"LPT,NAS",DD1641,Disney Dream,Flexible / Multiple Dates,4,BAHAMAS,Fort Lauderdale,"Disney Lookout Cay at Lighthouse Point; Nassau, Bahamas",1874.0,USD,Standard
4-Night Bahamian Cruise from Fort Lauderdale,4_bahamian_fort_lauderdale,"LPT,NAS",DD1554,Disney Dream,Flexible / Multiple Dates,4,BAHAMAS,Fort Lauderdale,"Disney Lookout Cay at Lighthouse Point; Nassau, Bahamas",1874.0,USD,Standard
4-Night Bahamian Cruise from Fort Lauderdale,4_bahamian_fort_lauderdale,"LPT,NAS",WD0112,Disney Destiny,Flexible / Multiple Dates,4,BAHAMAS,Fort Lauderdale,"Disney Lookout Cay at Lighthouse Point; Nassau, Bahamas",1874.0,USD,Standard
4-Night Bahamian Cruise from Fort Lauderdale,4_bahamian_fort_lauderdale,"LPT,NAS",DD1655,Disney Dream,Flexible / Multiple Dates,4,BAHAMAS,Fort Lauderdale,"Disney Lookout Cay at Lighthouse Point; Nassau, Bahamas",1874.0,USD,Standard
4-Night Bahamian Cruise from Fort Lauderdale,4_bahamian_fort_lauderdale,"LPT,NAS",WD0109,Disney Destiny,Flexible / Multiple Dates,4,BAHAMAS,Fort Lauderdale,"Disney Lookout Cay at Lighthouse Point; Nassau, Bahamas",1874.0,USD,Standard
4-Night Bahamian Cruise from Fort Lauderdale,4_bahamian_fort_lauderdale,"LPT,NAS",DF0939,Disney Fantasy,Flexible / Multiple Dates,4,BAHAMAS,Fort Lauderdale,"Disney Lookout Cay at Lighthouse Point; Nassau, Bahamas",1874.0,USD,Standard
4-Night Bahamian Cruise from Fort Lauderdale,4_bahamian_fort_lauderdale,"LPT,NAS",WD0115,Disney Destiny,Flexible / Multiple Dates,4,BAHAMAS,Fort Lauderdale,"Disney Lookout Cay at Lighthouse Point; Nassau, Bahamas",1874.0,USD,Standard
4-Night Bahamian Cruise from Fort Lauderdale,4_bahamian_fort_lauderdale,"LPT,NAS",DD1665,Disney Dream,Flexible / Multiple Dates,4,BAHAMAS,Fort Lauderdale,"Disney Lookout Cay at Lighthouse Point; Nassau, Bahamas",1874.0,USD,Standard
4-Night Bahamian Cruise from Fort Lauderdale,4_bahamian_fort_lauderdale,"LPT,NAS",DD1663,Disney Dream,Flexible / Multiple Dates,4,BAHAMAS,Fort Lauderdale,"Disney Lookout Cay at Lighthouse Point; Nassau, Bahamas",1874.0,USD,Standard
4-Night Bahamian Cruise from Fort Lauderdale,4_bahamian_fort_lauderdale,"LPT,NAS",DD1551,Disney Dream,Flexible / Multiple Dates,4,BAHAMAS,Fort Lauderdale,"Disney Lookout Cay at Lighthouse Point; Nassau, Bahamas",1874.0,USD,Standard
4-Night Bahamian Cruise from Fort Lauderdale,4_bahamian_fort_lauderdale,"LPT,NAS",DD1558,Disney Dream,Flexible / Multiple Dates,4,BAHAMAS,Fort Lauderdale,"Disney Lookout Cay at Lighthouse Point; Nassau, Bahamas",1874.0,USD,Standard
4-Night Bahamian Cruise from Fort Lauderdale,4_bahamian_fort_lauderdale,"LPT,NAS",DD1669,Disney Dream,Flexible / Multiple Dates,4,BAHAMAS,Fort Lauderdale,"Disney Lookout Cay at Lighthouse Point; Nassau, Bahamas",1874.0,USD,Standard
4-Night Bahamian Cruise from Fort Lauderdale,4_bahamian_fort_lauderdale,"LPT,NAS",DD1562,Disney Dream,Flexible / Multiple Dates,4,BAHAMAS,Fort Lauderdale,"Disney Lookout Cay at Lighthouse Point; Nassau, Bahamas",1874.0,USD,Standard
4-Night Bahamian Cruise from Fort Lauderdale,4_bahamian_fort_lauderdale,"LPT,NAS",DD1640,Disney Dream,Flexible / Multiple Dates,4,BAHAMAS,Fort Lauderdale,"Disney Lookout Cay at Lighthouse Point; Nassau, Bahamas",1874.0,USD,Standard
5-Night Mexican Riviera Cruise from San Diego,5_mexican_riviera_san_diego_merrytime,"CSL,ESE",DW2217,Disney Wonder,Flexible / Multiple Dates,5,MEXICAN RIVIERA,"Cabo San Lucas, Mexico","Cabo San Lucas, Mexico; Ensenada, Mexico",1884.96,USD,Very Merrytime (Holiday)
5-Night Mexican Riviera Cruise from San Diego,5_mexican_riviera_san_diego_merrytime,"CSL,ESE",DW2294,Disney Wonder,Flexible / Multiple Dates,5,MEXICAN RIVIERA,"Cabo San Lucas, Mexico","Cabo San Lucas, Mexico; Ensenada, Mexico",1884.96,USD,Very Merrytime (Holiday)
3-Night Bahamian Cruise from Port Canaveral,3_bahamian_port_canaveral_merrytime,"GOC,NAS",WW0536,Disney Wish,Flexible / Multiple Dates,3,BAHAMAS,"Nassau, Bahamas","Nassau, Bahamas; Disney Castaway Cay",1888.06,USD,Very Merrytime (Holiday)
3-Night Bahamian Cruise from Port Canaveral,3_bahamian_port_canaveral_merrytime,"GOC,NAS",WW0534,Disney Wish,Flexible / Multiple Dates,3,BAHAMAS,"Nassau, Bahamas","Nassau, Bahamas; Disney Castaway Cay",1888.06,USD,Very Merrytime (Holiday)
3-Night Bahamian Cruise from Port Canaveral,3_bahamian_port_canaveral_merrytime,"GOC,NAS",WW0528,Disney Wish,Flexible / Multiple Dates,3,BAHAMAS,"Nassau, Bahamas","Nassau, Bahamas; Disney Castaway Cay",1888.06,USD,Very Merrytime (Holiday)
3-Night Bahamian Cruise from Port Canaveral,3_bahamian_port_canaveral_merrytime,"GOC,NAS",WW0530,Disney Wish,Flexible / Multiple Dates,3,BAHAMAS,"Nassau, Bahamas","Nassau, Bahamas; Disney Castaway Cay",1888.06,USD,Very Merrytime (Holiday)
3-Night Bahamian Cruise from Port Canaveral,3_bahamian_port_canaveral_merrytime,"GOC,NAS",DD1627,Disney Dream,Flexible / Multiple Dates,3,BAHAMAS,"Nassau, Bahamas","Nassau, Bahamas; Disney Castaway Cay",1888.06,USD,Very Merrytime (Holiday)
3-Night Bahamian Cruise from Port Canaveral,3_bahamian_port_canaveral_merrytime,"GOC,NAS",WW0532,Disney Wish,Flexible / Multiple Dates,3,BAHAMAS,"Nassau, Bahamas","Nassau, Bahamas; Disney Castaway Cay",1888.06,USD,Very Merrytime (Holiday)
3-Night Bahamian Cruise from Port Canaveral,3_bahamian_port_canaveral_merrytime,"GOC,NAS",DD1626,Disney Dream,Flexible / Multiple Dates,3,BAHAMAS,"Nassau, Bahamas","Nassau, Bahamas; Disney Castaway Cay",1888.06,USD,Very Merrytime (Holiday)
3-Night Bahamian Cruise from Port Canaveral,3_bahamian_port_canaveral_merrytime,"GOC,NAS",WW0613,Disney Wish,Flexible / Multiple Dates,3,BAHAMAS,"Nassau, Bahamas","Nassau, Bahamas; Disney Castaway Cay",1888.06,USD,Very Merrytime (Holiday)
3-Night Bahamian Cruise from Port Canaveral,3_bahamian_port_canaveral_merrytime,"GOC,NAS",WW0538,Disney Wish,Flexible / Multiple Dates,3,BAHAMAS,"Nassau, Bahamas","Nassau, Bahamas; Disney Castaway Cay",1888.06,USD,Very Merrytime (Holiday)
3-Night Bahamian Cruise from Port Canaveral,3_bahamian_port_canaveral_merrytime,"GOC,NAS",WW0611,Disney Wish,Flexible / Multiple Dates,3,BAHAMAS,"Nassau, Bahamas","Nassau, Bahamas; Disney Castaway Cay",1888.06,USD,Very Merrytime (Holiday)
3-Night Bahamian Cruise from Port Canaveral,3_bahamian_port_canaveral_merrytime,"GOC,NAS",WW0607,Disney Wish,Flexible / Multiple Dates,3,BAHAMAS,"Nassau, Bahamas","Nassau, Bahamas; Disney Castaway Cay",1888.06,USD,Very Merrytime (Holiday)
3-Night Bahamian Cruise from Port Canaveral,3_bahamian_port_canaveral_merrytime,"GOC,NAS",WW0609,Disney Wish,Flexible / Multiple Dates,3,BAHAMAS,"Nassau, Bahamas","Nassau, Bahamas; Disney Castaway Cay",1888.06,USD,Very Merrytime (Holiday)
3-Night Bahamian Cruise from Port Canaveral,3_bahamian_port_canaveral_merrytime,"GOC,NAS",WW0615,Disney Wish,Flexible / Multiple Dates,3,BAHAMAS,"Nassau, Bahamas","Nassau, Bahamas; Disney Castaway Cay",1888.06,USD,Very Merrytime (Holiday)
4-Night Bahamian Cruise from Fort Lauderdale,4_bahamian_fort_lauderdale,"GOC,LPT",DD1525,Disney Dream,Flexible / Multiple Dates,4,BAHAMAS,Fort Lauderdale,Disney Castaway Cay; Disney Lookout Cay at Lighthouse Point,1892.16,USD,Standard
4-Night Bahamian Cruise from Fort Lauderdale,4_bahamian_fort_lauderdale,"GOC,LPT",DF0932,Disney Fantasy,Flexible / Multiple Dates,4,BAHAMAS,Fort Lauderdale,Disney Castaway Cay; Disney Lookout Cay at Lighthouse Point,1892.16,USD,Standard
4-Night Bahamian Cruise from Fort Lauderdale,4_bahamian_fort_lauderdale,"GOC,LPT",DF0935,Disney Fantasy,Flexible / Multiple Dates,4,BAHAMAS,Fort Lauderdale,Disney Castaway Cay; Disney Lookout Cay at Lighthouse Point,1892.16,USD,Standard
4-Night Bahamian Cruise from Fort Lauderdale,4_bahamian_fort_lauderdale,"GOC,LPT",DD1547,Disney Dream,Flexible / Multiple Dates,4,BAHAMAS,Fort Lauderdale,Disney Castaway Cay; Disney Lookout Cay at Lighthouse Point,1892.16,USD,Standard
4-Night Bahamian Cruise from Fort Lauderdale,4_bahamian_fort_lauderdale,"GOC,LPT",DD1657,Disney Dream,Flexible / Multiple Dates,4,BAHAMAS,Fort Lauderdale,Disney Castaway Cay; Disney Lookout Cay at Lighthouse Point,1892.16,USD,Standard
4-Night Bahamian Cruise from Fort Lauderdale,4_bahamian_fort_lauderdale,"GOC,LPT",DD1542,Disney Dream,Flexible / Multiple Dates,4,BAHAMAS,Fort Lauderdale,Disney Castaway Cay; Disney Lookout Cay at Lighthouse Point,1892.16,USD,Standard
4-Night Bahamian Cruise from Fort Lauderdale,4_bahamian_fort_lauderdale,"GOC,LPT",WD0137,Disney Destiny,Flexible / Multiple Dates,4,BAHAMAS,Fort Lauderdale,Disney Castaway Cay; Disney Lookout Cay at Lighthouse Point,1892.16,USD,Standard
4-Night Bahamian Cruise from Fort Lauderdale,4_bahamian_fort_lauderdale,"GOC,LPT",DD1549,Disney Dream,Flexible / Multiple Dates,4,BAHAMAS,Fort Lauderdale,Disney Castaway Cay; Disney Lookout Cay at Lighthouse Point,1892.16,USD,Standard
4-Night Bahamian Cruise from Fort Lauderdale,4_bahamian_fort_lauderdale,"GOC,LPT",WD0135,Disney Destiny,Flexible / Multiple Dates,4,BAHAMAS,Fort Lauderdale,Disney Castaway Cay; Disney Lookout Cay at Lighthouse Point,1892.16,USD,Standard
4-Night Bahamian Cruise from Fort Lauderdale,4_bahamian_fort_lauderdale,"GOC,LPT",DF0940,Disney Fantasy,Flexible / Multiple Dates,4,BAHAMAS,Fort Lauderdale,Disney Castaway Cay; Disney Lookout Cay at Lighthouse Point,1892.16,USD,Standard
4-Night Bahamian Cruise from Fort Lauderdale,4_bahamian_fort_lauderdale,"GOC,LPT",WD0139,Disney Destiny,Flexible / Multiple Dates,4,BAHAMAS,Fort Lauderdale,Disney Castaway Cay; Disney Lookout Cay at Lighthouse Point,1892.16,USD,Standard
4-Night Bahamian Cruise from Fort Lauderdale,4_bahamian_fort_lauderdale,"GOC,LPT",DD1556,Disney Dream,Flexible / Multiple Dates,4,BAHAMAS,Fort Lauderdale,Disney Castaway Cay; Disney Lookout Cay at Lighthouse Point,1892.16,USD,Standard
4-Night Bahamian Cruise from Fort Lauderdale,4_bahamian_fort_lauderdale,"GOC,LPT",DD1564,Disney Dream,Flexible / Multiple Dates,4,BAHAMAS,Fort Lauderdale,Disney Castaway Cay; Disney Lookout Cay at Lighthouse Point,1892.16,USD,Standard
4-Night Bahamian Cruise from Fort Lauderdale,4_bahamian_fort_lauderdale,"GOC,LPT",DD1661,Disney Dream,Flexible / Multiple Dates,4,BAHAMAS,Fort Lauderdale,Disney Castaway Cay; Disney Lookout Cay at Lighthouse Point,1892.16,USD,Standard
4-Night Bahamian Cruise from Fort Lauderdale,4_bahamian_fort_lauderdale,"GOC,LPT",DD1560,Disney Dream,Flexible / Multiple Dates,4,BAHAMAS,Fort Lauderdale,Disney Castaway Cay; Disney Lookout Cay at Lighthouse Point,1892.16,USD,Standard
4-Night Baja Cruise from San Diego,4_baja_san_diego_halloween,"CKI,ESE",DW2281,Disney Wonder,Flexible / Multiple Dates,4,MEXICAN RIVIERA,"Catalina Island, California","Catalina Island, California; Ensenada, Mexico",1908.7,USD,Halloween on the High Seas
4-Night Baja Cruise from San Diego,4_baja_san_diego_halloween,"CKI,ESE",DW2285,Disney Wonder,Flexible / Multiple Dates,4,MEXICAN RIVIERA,"Catalina Island, California","Catalina Island, California; Ensenada, Mexico",1908.7,USD,Halloween on the High Seas
4-Night Baja Cruise from San Diego,4_baja_san_diego_halloween,"CKI,ESE",DW2288,Disney Wonder,Flexible / Multiple Dates,4,MEXICAN RIVIERA,"Catalina Island, California","Catalina Island, California; Ensenada, Mexico",1908.7,USD,Halloween on the High Seas
4-Night Baja Cruise from San Diego,4_baja_san_diego_halloween,"CKI,ESE",DW2283,Disney Wonder,Flexible / Multiple Dates,4,MEXICAN RIVIERA,"Catalina Island, California","Catalina Island, California; Ensenada, Mexico",1908.7,USD,Halloween on the High Seas
4-Night Baja Cruise from San Diego,4_baja_san_diego_halloween,"CKI,ESE",DW2286,Disney Wonder,Flexible / Multiple Dates,4,MEXICAN RIVIERA,"Catalina Island, California","Catalina Island, California; Ensenada, Mexico",1908.7,USD,Halloween on the High Seas
3-Night Bahamian Cruise from Port Canaveral,3_bahamian_port_canaveral_halloween,"GOC,NAS",DD1608,Disney Dream,Flexible / Multiple Dates,3,BAHAMAS,"Nassau, Bahamas","Nassau, Bahamas; Disney Castaway Cay",1953.28,USD,Halloween on the High Seas
3-Night Bahamian Cruise from Port Canaveral,3_bahamian_port_canaveral_halloween,"GOC,NAS",DD1610,Disney Dream,Flexible / Multiple Dates,3,BAHAMAS,"Nassau, Bahamas","Nassau, Bahamas; Disney Castaway Cay",1953.28,USD,Halloween on the High Seas
3-Night Bahamian Cruise from Port Canaveral,3_bahamian_port_canaveral_halloween,"GOC,NAS",DD1612,Disney Dream,Flexible / Multiple Dates,3,BAHAMAS,"Nassau, Bahamas","Nassau, Bahamas; Disney Castaway Cay",1953.28,USD,Halloween on the High Seas
3-Night Bahamian Cruise from Port Canaveral,3_bahamian_port_canaveral_halloween,"GOC,NAS",DD1614,Disney Dream,Flexible / Multiple Dates,3,BAHAMAS,"Nassau, Bahamas","Nassau, Bahamas; Disney Castaway Cay",1953.28,USD,Halloween on the High Seas
3-Night Bahamian Cruise from Port Canaveral,3_bahamian_port_canaveral_halloween,"GOC,NAS",DD1618,Disney Dream,Flexible / Multiple Dates,3,BAHAMAS,"Nassau, Bahamas","Nassau, Bahamas; Disney Castaway Cay",1953.28,USD,Halloween on the High Seas
3-Night Bahamian Cruise from Port Canaveral,3_bahamian_port_canaveral_halloween,"GOC,NAS",DD1620,Disney Dream,Flexible / Multiple Dates,3,BAHAMAS,"Nassau, Bahamas","Nassau, Bahamas; Disney Castaway Cay",1953.28,USD,Halloween on the High Seas
3-Night Bahamian Cruise from Port Canaveral,3_bahamian_port_canaveral_halloween,"GOC,NAS",DD1622,Disney Dream,Flexible / Multiple Dates,3,BAHAMAS,"Nassau, Bahamas","Nassau, Bahamas; Disney Castaway Cay",1953.28,USD,Halloween on the High Seas
3-Night Bahamian Cruise from Port Canaveral,3_bahamian_port_canaveral_halloween,"GOC,NAS",WW0524,Disney Wish,Flexible / Multiple Dates,3,BAHAMAS,"Nassau, Bahamas","Nassau, Bahamas; Disney Castaway Cay",1953.28,USD,Halloween on the High Seas
3-Night Bahamian Cruise from Port Canaveral,3_bahamian_port_canaveral_halloween,"GOC,NAS",DD1616,Disney Dream,Flexible / Multiple Dates,3,BAHAMAS,"Nassau, Bahamas","Nassau, Bahamas; Disney Castaway Cay",1953.28,USD,Halloween on the High Seas
3-Night Bahamian Cruise from Port Canaveral,3_bahamian_port_canaveral_halloween,"GOC,NAS",WW0522,Disney Wish,Flexible / Multiple Dates,3,BAHAMAS,"Nassau, Bahamas","Nassau, Bahamas; Disney Castaway Cay",1953.28,USD,Halloween on the High Seas
3-Night Bahamian Cruise from Port Canaveral,3_bahamian_port_canaveral_halloween,"GOC,NAS",WW0520,Disney Wish,Flexible / Multiple Dates,3,BAHAMAS,"Nassau, Bahamas","Nassau, Bahamas; Disney Castaway Cay",1953.28,USD,Halloween on the High Seas
3-Night Bahamian Cruise from Port Canaveral,3_bahamian_port_canaveral_halloween,"GOC,NAS",WW0518,Disney Wish,Flexible / Multiple Dates,3,BAHAMAS,"Nassau, Bahamas","Nassau, Bahamas; Disney Castaway Cay",1953.28,USD,Halloween on the High Seas
6-Night Mexican Riviera Cruise from San Diego,6_mexican_riviera_san_diego_merrytime,"CSL,ESE",DW2215,Disney Wonder,Flexible / Multiple Dates,6,MEXICAN RIVIERA,"Ensenada, Mexico","Ensenada, Mexico; Cabo San Lucas, Mexico",1992.96,USD,Very Merrytime (Holiday)
4-Night Bahamian Cruise from Port Canaveral,4_bahamian_port_canaveral_halloween,"GOC,LPT",DF0836,Disney Fantasy,Flexible / Multiple Dates,4,BAHAMAS,Port Canaveral,Disney Castaway Cay; Disney Lookout Cay at Lighthouse Point,1996.68,USD,Halloween on the High Seas
4-Night Bahamian Cruise from Port Canaveral,4_bahamian_port_canaveral_halloween,"GOC,LPT",WW0523,Disney Wish,Flexible / Multiple Dates,4,BAHAMAS,Port Canaveral,Disney Castaway Cay; Disney Lookout Cay at Lighthouse Point,1996.68,USD,Halloween on the High Seas
4-Night Bahamian Cruise from Port Canaveral,4_bahamian_port_canaveral_halloween,"GOC,LPT",DF0908,Disney Fantasy,Flexible / Multiple Dates,4,BAHAMAS,Port Canaveral,Disney Castaway Cay; Disney Lookout Cay at Lighthouse Point,1996.68,USD,Halloween on the High Seas
4-Night Bahamian Cruise from Port Canaveral,4_bahamian_port_canaveral_halloween,"GOC,LPT",DF0917,Disney Fantasy,Flexible / Multiple Dates,4,BAHAMAS,Port Canaveral,Disney Castaway Cay; Disney Lookout Cay at Lighthouse Point,1996.68,USD,Halloween on the High Seas
4-Night Bahamian Cruise from Port Canaveral,4_bahamian_port_canaveral_halloween,"GOC,LPT",DF0911,Disney Fantasy,Flexible / Multiple Dates,4,BAHAMAS,Port Canaveral,Disney Castaway Cay; Disney Lookout Cay at Lighthouse Point,1996.68,USD,Halloween on the High Seas
4-Night Bahamian Cruise from Port Canaveral,4_bahamian_port_canaveral_halloween,"GOC,LPT",DD1609,Disney Dream,Flexible / Multiple Dates,4,BAHAMAS,Port Canaveral,Disney Castaway Cay; Disney Lookout Cay at Lighthouse Point,1996.68,USD,Halloween on the High Seas
4-Night Bahamian Cruise from Port Canaveral,4_bahamian_port_canaveral_halloween,"GOC,LPT",DD1611,Disney Dream,Flexible / Multiple Dates,4,BAHAMAS,Port Canaveral,Disney Castaway Cay; Disney Lookout Cay at Lighthouse Point,1996.68,USD,Halloween on the High Seas
4-Night Bahamian Cruise from Port Canaveral,4_bahamian_port_canaveral_halloween,"GOC,LPT",DD1613,Disney Dream,Flexible / Multiple Dates,4,BAHAMAS,Port Canaveral,Disney Castaway Cay; Disney Lookout Cay at Lighthouse Point,1996.68,USD,Halloween on the High Seas
4-Night Bahamian Cruise from Port Canaveral,4_bahamian_port_canaveral_halloween,"GOC,LPT",DF0914,Disney Fantasy,Flexible / Multiple Dates,4,BAHAMAS,Port Canaveral,Disney Castaway Cay; Disney Lookout Cay at Lighthouse Point,1996.68,USD,Halloween on the High Seas
4-Night Bahamian Cruise from Port Canaveral,4_bahamian_port_canaveral_halloween,"GOC,LPT",DD1615,Disney Dream,Flexible / Multiple Dates,4,BAHAMAS,Port Canaveral,Disney Castaway Cay; Disney Lookout Cay at Lighthouse Point,1996.68,USD,Halloween on the High Seas
4-Night Bahamian Cruise from Port Canaveral,4_bahamian_port_canaveral_halloween,"GOC,LPT",DD1619,Disney Dream,Flexible / Multiple Dates,4,BAHAMAS,Port Canaveral,Disney Castaway Cay; Disney Lookout Cay at Lighthouse Point,1996.68,USD,Halloween on the High Seas
4-Night Bahamian Cruise from Port Canaveral,4_bahamian_port_canaveral_halloween,"GOC,LPT",DD1621,Disney Dream,Flexible / Multiple Dates,4,BAHAMAS,Port Canaveral,Disney Castaway Cay; Disney Lookout Cay at Lighthouse Point,1996.68,USD,Halloween on the High Seas
4-Night Bahamian Cruise from Port Canaveral,4_bahamian_port_canaveral_halloween,"GOC,LPT",DD1617,Disney Dream,Flexible / Multiple Dates,4,BAHAMAS,Port Canaveral,Disney Castaway Cay; Disney Lookout Cay at Lighthouse Point,1996.68,USD,Halloween on the High Seas
4-Night Bahamian Cruise from Port Canaveral,4_bahamian_port_canaveral_halloween,"GOC,LPT",DF0833,Disney Fantasy,Flexible / Multiple Dates,4,BAHAMAS,Port Canaveral,Disney Castaway Cay; Disney Lookout Cay at Lighthouse Point,1996.68,USD,Halloween on the High Seas
4-Night Bahamian Cruise from Port Canaveral,4_bahamian_port_canaveral_halloween,"GOC,LPT",WW0519,Disney Wish,Flexible / Multiple Dates,4,BAHAMAS,Port Canaveral,Disney Castaway Cay; Disney Lookout Cay at Lighthouse Point,1996.68,USD,Halloween on the High Seas
5-Night Western Caribbean Cruise from Galveston,5_western_caribbean_galveston_merrytime,"CZM,PGO",DM1763,Disney Magic,Flexible / Multiple Dates,5,CARIBBEAN,"Cozumel, Mexico","Cozumel, Mexico; Progreso, Mexico",2020.26,USD,Very Merrytime (Holiday)
5-Night Western Caribbean Cruise from Galveston,5_western_caribbean_galveston_merrytime,"CZM,PGO",DM1762,Disney Magic,Flexible / Multiple Dates,5,CARIBBEAN,"Cozumel, Mexico","Cozumel, Mexico; Progreso, Mexico",2020.26,USD,Very Merrytime (Holiday)
5-Night Western Caribbean Cruise from Galveston,5_western_caribbean_galveston_merrytime,"CZM,PGO",DM1827,Disney Magic,Flexible / Multiple Dates,5,CARIBBEAN,"Cozumel, Mexico","Cozumel, Mexico; Progreso, Mexico",2020.26,USD,Very Merrytime (Holiday)
5-Night Western Caribbean Cruise from Galveston,5_western_caribbean_galveston_merrytime,"CZM,PGO",DM1828,Disney Magic,Flexible / Multiple Dates,5,CARIBBEAN,"Cozumel, Mexico","Cozumel, Mexico; Progreso, Mexico",2020.26,USD,Very Merrytime (Holiday)
5-Night Western Caribbean Cruise from Galveston,5_western_caribbean_galveston_merrytime,"CZM,PGO",DM1766,Disney Magic,Flexible / Multiple Dates,5,CARIBBEAN,"Cozumel, Mexico","Cozumel, Mexico; Progreso, Mexico",2020.26,USD,Very Merrytime (Holiday)
5-Night Western Caribbean Cruise from Galveston,5_western_caribbean_galveston_merrytime,"CZM,PGO",DM1830,Disney Magic,Flexible / Multiple Dates,5,CARIBBEAN,"Cozumel, Mexico","Cozumel, Mexico; Progreso, Mexico",2020.26,USD,Very Merrytime (Holiday)
5-Night Western Caribbean Cruise from Galveston,5_western_caribbean_galveston_merrytime,"CZM,PGO",DM1760,Disney Magic,Flexible / Multiple Dates,5,CARIBBEAN,"Cozumel, Mexico","Cozumel, Mexico; Progreso, Mexico",2020.26,USD,Very Merrytime (Holiday)
5-Night Western Caribbean Cruise from Galveston,5_western_caribbean_galveston_merrytime,"CZM,PGO",DM1831,Disney Magic,Flexible / Multiple Dates,5,CARIBBEAN,"Cozumel, Mexico","Cozumel, Mexico; Progreso, Mexico",2020.26,USD,Very Merrytime (Holiday)
5-Night Western Caribbean Cruise from Galveston,5_western_caribbean_galveston_merrytime,"CZM,PGO",DM1767,Disney Magic,Flexible / Multiple Dates,5,CARIBBEAN,"Cozumel, Mexico","Cozumel, Mexico; Progreso, Mexico",2020.26,USD,Very Merrytime (Holiday)
6-Night Mexican Riviera Cruise from San Diego,6_mexican_riviera_san_diego_halloween,"CSL,ESE",DW2210,Disney Wonder,Flexible / Multiple Dates,6,MEXICAN RIVIERA,"Cabo San Lucas, Mexico","Cabo San Lucas, Mexico; Ensenada, Mexico",2028.96,USD,Halloween on the High Seas
6-Night Mexican Riviera Cruise from San Diego,6_mexican_riviera_san_diego_halloween,"CSL,ESE",DM1757,Disney Magic,Flexible / Multiple Dates,6,MEXICAN RIVIERA,"Cabo San Lucas, Mexico","Cabo San Lucas, Mexico; Ensenada, Mexico",2028.96,USD,Halloween on the High Seas
6-Night Mexican Riviera Cruise from San Diego,6_mexican_riviera_san_diego_halloween,"CSL,ESE",DM1822,Disney Magic,Flexible / Multiple Dates,6,MEXICAN RIVIERA,"Cabo San Lucas, Mexico","Cabo San Lucas, Mexico; Ensenada, Mexico",2028.96,USD,Halloween on the High Seas
6-Night Mexican Riviera Cruise from San Diego,6_mexican_riviera_san_diego_halloween,"CSL,ESE",DM1818,Disney Magic,Flexible / Multiple Dates,6,MEXICAN RIVIERA,"Cabo San Lucas, Mexico","Cabo San Lucas, Mexico; Ensenada, Mexico",2028.96,USD,Halloween on the High Seas
3-Night Bahamian Cruise from Fort Lauderdale,3_bahamian_fort_lauderdale_halloween,LPT,DD1524,Disney Dream,Flexible / Multiple Dates,3,BAHAMAS,Fort Lauderdale,Disney Lookout Cay at Lighthouse Point,2075.58,USD,Halloween on the High Seas
3-Night Bahamian Cruise from Port Canaveral,3_bahamian_port_canaveral,GOC,WW0627,Disney Wish,Flexible / Multiple Dates,3,BAHAMAS,Port Canaveral,Disney Castaway Cay,2081.78,USD,Standard
3-Night Bahamian Cruise from Port Canaveral,3_bahamian_port_canaveral,GOC,DD1598,Disney Dream,Flexible / Multiple Dates,3,BAHAMAS,Port Canaveral,Disney Castaway Cay,2081.78,USD,Standard
3-Night Bahamian Cruise from Port Canaveral,3_bahamian_port_canaveral,GOC,WW0643,Disney Wish,Flexible / Multiple Dates,3,BAHAMAS,Port Canaveral,Disney Castaway Cay,2081.78,USD,Standard
3-Night Bahamian Cruise from Port Canaveral,3_bahamian_port_canaveral,GOC,DD1586,Disney Dream,Flexible / Multiple Dates,3,BAHAMAS,Port Canaveral,Disney Castaway Cay,2081.78,USD,Standard
3-Night Bahamian Cruise from Port Canaveral,3_bahamian_port_canaveral,GOC,DF0849,Disney Fantasy,Flexible / Multiple Dates,3,BAHAMAS,Port Canaveral,Disney Castaway Cay,2081.78,USD,Standard
3-Night Bahamian Cruise from Port Canaveral,3_bahamian_port_canaveral,GOC,WW0619,Disney Wish,Flexible / Multiple Dates,3,BAHAMAS,Port Canaveral,Disney Castaway Cay,2081.78,USD,Standard
4-Night Bahamian Cruise from Port Canaveral,4_bahamian_port_canaveral,"GOC,NAS",WW0525,Disney Wish,Flexible / Multiple Dates,4,BAHAMAS,"Nassau, Bahamas","Nassau, Bahamas; Disney Castaway Cay",2087.96,USD,Standard
4-Night Bahamian Cruise from Port Canaveral,4_bahamian_port_canaveral,"GOC,NAS",DD1603,Disney Dream,Flexible / Multiple Dates,4,BAHAMAS,"Nassau, Bahamas","Nassau, Bahamas; Disney Castaway Cay",2087.96,USD,Standard
4-Night Bahamian Cruise from Port Canaveral,4_bahamian_port_canaveral,"GOC,NAS",WW0545,Disney Wish,Flexible / Multiple Dates,4,BAHAMAS,"Nassau, Bahamas","Nassau, Bahamas; Disney Castaway Cay",2087.96,USD,Standard
4-Night Bahamian Cruise from Port Canaveral,4_bahamian_port_canaveral,"GOC,NAS",WW0549,Disney Wish,Flexible / Multiple Dates,4,BAHAMAS,"Nassau, Bahamas","Nassau, Bahamas; Disney Castaway Cay",2087.96,USD,Standard
4-Night Bahamian Cruise from Port Canaveral,4_bahamian_port_canaveral,"GOC,NAS",WD0172,Disney Destiny,Flexible / Multiple Dates,4,BAHAMAS,"Nassau, Bahamas","Nassau, Bahamas; Disney Castaway Cay",2087.96,USD,Standard
4-Night Bahamian Cruise from Port Canaveral,4_bahamian_port_canaveral,"GOC,NAS",WD0169,Disney Destiny,Flexible / Multiple Dates,4,BAHAMAS,"Nassau, Bahamas","Nassau, Bahamas; Disney Castaway Cay",2087.96,USD,Standard
4-Night Bahamian Cruise from Port Canaveral,4_bahamian_port_canaveral,"GOC,NAS",WW0626,Disney Wish,Flexible / Multiple Dates,4,BAHAMAS,"Nassau, Bahamas","Nassau, Bahamas; Disney Castaway Cay",2087.96,USD,Standard
4-Night Bahamian Cruise from Port Canaveral,4_bahamian_port_canaveral,"GOC,NAS",DD1571,Disney Dream,Flexible / Multiple Dates,4,BAHAMAS,"Nassau, Bahamas","Nassau, Bahamas; Disney Castaway Cay",2087.96,USD,Standard
4-Night Bahamian Cruise from Port Canaveral,4_bahamian_port_canaveral,"GOC,NAS",WD0175,Disney Destiny,Flexible / Multiple Dates,4,BAHAMAS,"Nassau, Bahamas","Nassau, Bahamas; Disney Castaway Cay",2087.96,USD,Standard
4-Night Bahamian Cruise from Port Canaveral,4_bahamian_port_canaveral,"GOC,NAS",WW0622,Disney Wish,Flexible / Multiple Dates,4,BAHAMAS,"Nassau, Bahamas","Nassau, Bahamas; Disney Castaway Cay",2087.96,USD,Standard
4-Night Bahamian Cruise from Port Canaveral,4_bahamian_port_canaveral,"GOC,NAS",WW0624,Disney Wish,Flexible / Multiple Dates,4,BAHAMAS,"Nassau, Bahamas","Nassau, Bahamas; Disney Castaway Cay",2087.96,USD,Standard
4-Night Bahamian Cruise from Port Canaveral,4_bahamian_port_canaveral,"GOC,NAS",WW0553,Disney Wish,Flexible / Multiple Dates,4,BAHAMAS,"Nassau, Bahamas","Nassau, Bahamas; Disney Castaway Cay",2087.96,USD,Standard
4-Night Bahamian Cruise from Port Canaveral,4_bahamian_port_canaveral,"GOC,NAS",WD0190,Disney Destiny,Flexible / Multiple Dates,4,BAHAMAS,"Nassau, Bahamas","Nassau, Bahamas; Disney Castaway Cay",2087.96,USD,Standard
4-Night Bahamian Cruise from Port Canaveral,4_bahamian_port_canaveral,"GOC,NAS",WW0654,Disney Wish,Flexible / Multiple Dates,4,BAHAMAS,"Nassau, Bahamas","Nassau, Bahamas; Disney Castaway Cay",2087.96,USD,Standard
4-Night Bahamian Cruise from Port Canaveral,4_bahamian_port_canaveral,"GOC,NAS",DD1575,Disney Dream,Flexible / Multiple Dates,4,BAHAMAS,"Nassau, Bahamas","Nassau, Bahamas; Disney Castaway Cay",2087.96,USD,Standard
4-Night Bahamian Cruise from Port Canaveral,4_bahamian_port_canaveral,"GOC,NAS",WD0178,Disney Destiny,Flexible / Multiple Dates,4,BAHAMAS,"Nassau, Bahamas","Nassau, Bahamas; Disney Castaway Cay",2087.96,USD,Standard
4-Night Bahamian Cruise from Port Canaveral,4_bahamian_port_canaveral,"GOC,NAS",WW0620,Disney Wish,Flexible / Multiple Dates,4,BAHAMAS,"Nassau, Bahamas","Nassau, Bahamas; Disney Castaway Cay",2087.96,USD,Standard
4-Night Bahamian Cruise from Port Canaveral,4_bahamian_port_canaveral,"GOC,NAS",WW0557,Disney Wish,Flexible / Multiple Dates,4,BAHAMAS,"Nassau, Bahamas","Nassau, Bahamas; Disney Castaway Cay",2087.96,USD,Standard
4-Night Bahamian Cruise from Port Canaveral,4_bahamian_port_canaveral,"GOC,NAS",DD1599,Disney Dream,Flexible / Multiple Dates,4,BAHAMAS,"Nassau, Bahamas","Nassau, Bahamas; Disney Castaway Cay",2087.96,USD,Standard
4-Night Bahamian Cruise from Port Canaveral,4_bahamian_port_canaveral,"GOC,NAS",WW0636,Disney Wish,Flexible / Multiple Dates,4,BAHAMAS,"Nassau, Bahamas","Nassau, Bahamas; Disney Castaway Cay",2087.96,USD,Standard
4-Night Bahamian Cruise from Port Canaveral,4_bahamian_port_canaveral,"GOC,NAS",WW0561,Disney Wish,Flexible / Multiple Dates,4,BAHAMAS,"Nassau, Bahamas","Nassau, Bahamas; Disney Castaway Cay",2087.96,USD,Standard
4-Night Bahamian Cruise from Port Canaveral,4_bahamian_port_canaveral,"GOC,NAS",WD0184,Disney Destiny,Flexible / Multiple Dates,4,BAHAMAS,"Nassau, Bahamas","Nassau, Bahamas; Disney Castaway Cay",2087.96,USD,Standard
4-Night Bahamian Cruise from Port Canaveral,4_bahamian_port_canaveral,"GOC,NAS",WW0571,Disney Wish,Flexible / Multiple Dates,4,BAHAMAS,"Nassau, Bahamas","Nassau, Bahamas; Disney Castaway Cay",2087.96,USD,Standard
4-Night Bahamian Cruise from Port Canaveral,4_bahamian_port_canaveral,"GOC,NAS",WW0569,Disney Wish,Flexible / Multiple Dates,4,BAHAMAS,"Nassau, Bahamas","Nassau, Bahamas; Disney Castaway Cay",2087.96,USD,Standard
4-Night Bahamian Cruise from Port Canaveral,4_bahamian_port_canaveral,"GOC,NAS",DD1583,Disney Dream,Flexible / Multiple Dates,4,BAHAMAS,"Nassau, Bahamas","Nassau, Bahamas; Disney Castaway Cay",2087.96,USD,Standard
4-Night Bahamian Cruise from Port Canaveral,4_bahamian_port_canaveral,"GOC,NAS",WW0634,Disney Wish,Flexible / Multiple Dates,4,BAHAMAS,"Nassau, Bahamas","Nassau, Bahamas; Disney Castaway Cay",2087.96,USD,Standard
4-Night Bahamian Cruise from Port Canaveral,4_bahamian_port_canaveral,"GOC,NAS",DD1579,Disney Dream,Flexible / Multiple Dates,4,BAHAMAS,"Nassau, Bahamas","Nassau, Bahamas; Disney Castaway Cay",2087.96,USD,Standard
4-Night Bahamian Cruise from Port Canaveral,4_bahamian_port_canaveral,"GOC,NAS",DD1595,Disney Dream,Flexible / Multiple Dates,4,BAHAMAS,"Nassau, Bahamas","Nassau, Bahamas; Disney Castaway Cay",2087.96,USD,Standard
4-Night Bahamian Cruise from Port Canaveral,4_bahamian_port_canaveral,"GOC,NAS",WW0642,Disney Wish,Flexible / Multiple Dates,4,BAHAMAS,"Nassau, Bahamas","Nassau, Bahamas; Disney Castaway Cay",2087.96,USD,Standard
4-Night Bahamian Cruise from Port Canaveral,4_bahamian_port_canaveral,"GOC,NAS",DD1587,Disney Dream,Flexible / Multiple Dates,4,BAHAMAS,"Nassau, Bahamas","Nassau, Bahamas; Disney Castaway Cay",2087.96,USD,Standard
4-Night Bahamian Cruise from Port Canaveral,4_bahamian_port_canaveral,"GOC,NAS",DD1591,Disney Dream,Flexible / Multiple Dates,4,BAHAMAS,"Nassau, Bahamas","Nassau, Bahamas; Disney Castaway Cay",2087.96,USD,Standard
4-Night Bahamian Cruise from Port Canaveral,4_bahamian_port_canaveral,"GOC,NAS",WD0181,Disney Destiny,Flexible / Multiple Dates,4,BAHAMAS,"Nassau, Bahamas","Nassau, Bahamas; Disney Castaway Cay",2087.96,USD,Standard
4-Night Bahamian Cruise from Port Canaveral,4_bahamian_port_canaveral,"GOC,NAS",WD0187,Disney Destiny,Flexible / Multiple Dates,4,BAHAMAS,"Nassau, Bahamas","Nassau, Bahamas; Disney Castaway Cay",2087.96,USD,Standard
4-Night Bahamian Cruise from Port Canaveral,4_bahamian_port_canaveral,"GOC,NAS",WW0640,Disney Wish,Flexible / Multiple Dates,4,BAHAMAS,"Nassau, Bahamas","Nassau, Bahamas; Disney Castaway Cay",2087.96,USD,Standard
4-Night Bahamian Cruise from Port Canaveral,4_bahamian_port_canaveral,"GOC,NAS",WW0648,Disney Wish,Flexible / Multiple Dates,4,BAHAMAS,"Nassau, Bahamas","Nassau, Bahamas; Disney Castaway Cay",2087.96,USD,Standard
4-Night Bahamian Cruise from Port Canaveral,4_bahamian_port_canaveral,"GOC,NAS",WW0565,Disney Wish,Flexible / Multiple Dates,4,BAHAMAS,"Nassau, Bahamas","Nassau, Bahamas; Disney Castaway Cay",2087.96,USD,Standard
4-Night Western Caribbean Cruise from Galveston,4_western_caribbean_galveston_marvel,PGO,DM1773,Disney Magic,Flexible / Multiple Dates,4,CARIBBEAN,"Progreso, Mexico","Progreso, Mexico",2108.08,USD,Marvel Day at Sea
4-Night Western Caribbean Cruise from Galveston,4_western_caribbean_galveston_marvel,PGO,DM1781,Disney Magic,Flexible / Multiple Dates,4,CARIBBEAN,"Progreso, Mexico","Progreso, Mexico",2108.08,USD,Marvel Day at Sea
4-Night Western Caribbean Cruise from Galveston,4_western_caribbean_galveston_marvel,PGO,DM1778,Disney Magic,Flexible / Multiple Dates,4,CARIBBEAN,"Progreso, Mexico","Progreso, Mexico",2108.08,USD,Marvel Day at Sea
4-Night Bahamian Cruise from Fort Lauderdale,4_bahamian_fort_lauderdale,"GOC,NAS",DD1653,Disney Dream,Flexible / Multiple Dates,4,BAHAMAS,Fort Lauderdale,"Disney Castaway Cay; Nassau, Bahamas",2183.64,USD,Standard
4-Night Bahamian Cruise from Fort Lauderdale,4_bahamian_fort_lauderdale,"GOC,NAS",DD1651,Disney Dream,Flexible / Multiple Dates,4,BAHAMAS,Fort Lauderdale,"Disney Castaway Cay; Nassau, Bahamas",2183.64,USD,Standard
4-Night Bahamian Cruise from Fort Lauderdale,4_bahamian_fort_lauderdale,"GOC,NAS",WD0092,Disney Destiny,Flexible / Multiple Dates,4,BAHAMAS,Fort Lauderdale,"Disney Castaway Cay; Nassau, Bahamas",2183.64,USD,Standard
4-Night Bahamian Cruise from Fort Lauderdale,4_bahamian_fort_lauderdale,"GOC,NAS",WD0089,Disney Destiny,Flexible / Multiple Dates,4,BAHAMAS,Fort Lauderdale,"Disney Castaway Cay; Nassau, Bahamas",2183.64,USD,Standard
4-Night Bahamian Cruise from Fort Lauderdale,4_bahamian_fort_lauderdale,"GOC,NAS",WD0097,Disney Destiny,Flexible / Multiple Dates,4,BAHAMAS,Fort Lauderdale,"Disney Castaway Cay; Nassau, Bahamas",2183.64,USD,Standard
4-Night Bahamian Cruise from Fort Lauderdale,4_bahamian_fort_lauderdale,"GOC,NAS",WD0134,Disney Destiny,Flexible / Multiple Dates,4,BAHAMAS,Fort Lauderdale,"Disney Castaway Cay; Nassau, Bahamas",2183.64,USD,Standard
4-Night Bahamian Cruise from Fort Lauderdale,4_bahamian_fort_lauderdale,"GOC,NAS",WD0100,Disney Destiny,Flexible / Multiple Dates,4,BAHAMAS,Fort Lauderdale,"Disney Castaway Cay; Nassau, Bahamas",2183.64,USD,Standard
4-Night Bahamian Cruise from Fort Lauderdale,4_bahamian_fort_lauderdale,"GOC,NAS",DD1667,Disney Dream,Flexible / Multiple Dates,4,BAHAMAS,Fort Lauderdale,"Disney Castaway Cay; Nassau, Bahamas",2183.64,USD,Standard
4-Night Bahamian Cruise from Fort Lauderdale,4_bahamian_fort_lauderdale,"GOC,NAS",DD1659,Disney Dream,Flexible / Multiple Dates,4,BAHAMAS,Fort Lauderdale,"Disney Castaway Cay; Nassau, Bahamas",2183.64,USD,Standard
4-Night Bahamian Cruise from Fort Lauderdale,4_bahamian_fort_lauderdale,"GOC,NAS",WD0106,Disney Destiny,Flexible / Multiple Dates,4,BAHAMAS,Fort Lauderdale,"Disney Castaway Cay; Nassau, Bahamas",2183.64,USD,Standard
4-Night Bahamian Cruise from Fort Lauderdale,4_bahamian_fort_lauderdale,"GOC,NAS",DD1671,Disney Dream,Flexible / Multiple Dates,4,BAHAMAS,Fort Lauderdale,"Disney Castaway Cay; Nassau, Bahamas",2183.64,USD,Standard
4-Night Bahamian Cruise from Fort Lauderdale,4_bahamian_fort_lauderdale,"GOC,NAS",WD0118,Disney Destiny,Flexible / Multiple Dates,4,BAHAMAS,Fort Lauderdale,"Disney Castaway Cay; Nassau, Bahamas",2183.64,USD,Standard
4-Night Bahamian Cruise from Fort Lauderdale,4_bahamian_fort_lauderdale,"GOC,NAS",WD0129,Disney Destiny,Flexible / Multiple Dates,4,BAHAMAS,Fort Lauderdale,"Disney Castaway Cay; Nassau, Bahamas",2183.64,USD,Standard
4-Night Bahamian Cruise from Fort Lauderdale,4_bahamian_fort_lauderdale,"GOC,NAS",WD0103,Disney Destiny,Flexible / Multiple Dates,4,BAHAMAS,Fort Lauderdale,"Disney Castaway Cay; Nassau, Bahamas",2183.64,USD,Standard
4-Night Bahamian Cruise from Fort Lauderdale,4_bahamian_fort_lauderdale,"GOC,NAS",WD0126,Disney Destiny,Flexible / Multiple Dates,4,BAHAMAS,Fort Lauderdale,"Disney Castaway Cay; Nassau, Bahamas",2183.64,USD,Standard
4-Night Bahamian Cruise from Fort Lauderdale,4_bahamian_fort_lauderdale,"GOC,NAS",WD0121,Disney Destiny,Flexible / Multiple Dates,4,BAHAMAS,Fort Lauderdale,"Disney Castaway Cay; Nassau, Bahamas",2183.64,USD,Standard
4-Night Bahamian Cruise from Port Canaveral,4_bahamian_port_canaveral_merrytime,"GOC,LPT",DF0845,Disney Fantasy,Flexible / Multiple Dates,4,BAHAMAS,Port Canaveral,Disney Castaway Cay; Disney Lookout Cay at Lighthouse Point,2196.68,USD,Very Merrytime (Holiday)
4-Night Bahamian Cruise from Port Canaveral,4_bahamian_port_canaveral_merrytime,"GOC,LPT",WW0535,Disney Wish,Flexible / Multiple Dates,4,BAHAMAS,Port Canaveral,Disney Castaway Cay; Disney Lookout Cay at Lighthouse Point,2196.68,USD,Very Merrytime (Holiday)
4-Night Bahamian Cruise from Port Canaveral,4_bahamian_port_canaveral_merrytime,"GOC,LPT",WW0527,Disney Wish,Flexible / Multiple Dates,4,BAHAMAS,Port Canaveral,Disney Castaway Cay; Disney Lookout Cay at Lighthouse Point,2196.68,USD,Very Merrytime (Holiday)
4-Night Bahamian Cruise from Port Canaveral,4_bahamian_port_canaveral_merrytime,"GOC,LPT",DF0839,Disney Fantasy,Flexible / Multiple Dates,4,BAHAMAS,Port Canaveral,Disney Castaway Cay; Disney Lookout Cay at Lighthouse Point,2196.68,USD,Very Merrytime (Holiday)
4-Night Bahamian Cruise from Port Canaveral,4_bahamian_port_canaveral_merrytime,"GOC,LPT",DF0920,Disney Fantasy,Flexible / Multiple Dates,4,BAHAMAS,Port Canaveral,Disney Castaway Cay; Disney Lookout Cay at Lighthouse Point,2196.68,USD,Very Merrytime (Holiday)
4-Night Bahamian Cruise from Port Canaveral,4_bahamian_port_canaveral_merrytime,"GOC,LPT",DD1625,Disney Dream,Flexible / Multiple Dates,4,BAHAMAS,Port Canaveral,Disney Castaway Cay; Disney Lookout Cay at Lighthouse Point,2196.68,USD,Very Merrytime (Holiday)
4-Night Bahamian Cruise from Port Canaveral,4_bahamian_port_canaveral_merrytime,"GOC,LPT",WW0612,Disney Wish,Flexible / Multiple Dates,4,BAHAMAS,Port Canaveral,Disney Castaway Cay; Disney Lookout Cay at Lighthouse Point,2196.68,USD,Very Merrytime (Holiday)
4-Night Bahamian Cruise from Port Canaveral,4_bahamian_port_canaveral_merrytime,"GOC,LPT",WD0161,Disney Destiny,Flexible / Multiple Dates,4,BAHAMAS,Port Canaveral,Disney Castaway Cay; Disney Lookout Cay at Lighthouse Point,2196.68,USD,Very Merrytime (Holiday)
4-Night Bahamian Cruise from Port Canaveral,4_bahamian_port_canaveral_merrytime,"GOC,LPT",DF0842,Disney Fantasy,Flexible / Multiple Dates,4,BAHAMAS,Port Canaveral,Disney Castaway Cay; Disney Lookout Cay at Lighthouse Point,2196.68,USD,Very Merrytime (Holiday)
4-Night Bahamian Cruise from Port Canaveral,4_bahamian_port_canaveral_merrytime,"GOC,LPT",DF0848,Disney Fantasy,Flexible / Multiple Dates,4,BAHAMAS,Port Canaveral,Disney Castaway Cay; Disney Lookout Cay at Lighthouse Point,2196.68,USD,Very Merrytime (Holiday)
4-Night Bahamian Cruise from Port Canaveral,4_bahamian_port_canaveral_merrytime,"GOC,LPT",WW0616,Disney Wish,Flexible / Multiple Dates,4,BAHAMAS,Port Canaveral,Disney Castaway Cay; Disney Lookout Cay at Lighthouse Point,2196.68,USD,Very Merrytime (Holiday)
4-Night Bahamian Cruise from Port Canaveral,4_bahamian_port_canaveral_merrytime,"GOC,LPT",WW0531,Disney Wish,Flexible / Multiple Dates,4,BAHAMAS,Port Canaveral,Disney Castaway Cay; Disney Lookout Cay at Lighthouse Point,2196.68,USD,Very Merrytime (Holiday)
4-Night Bahamian Cruise from Port Canaveral,4_bahamian_port_canaveral_merrytime,"GOC,LPT",DF0923,Disney Fantasy,Flexible / Multiple Dates,4,BAHAMAS,Port Canaveral,Disney Castaway Cay; Disney Lookout Cay at Lighthouse Point,2196.68,USD,Very Merrytime (Holiday)
4-Night Bahamian Cruise from Port Canaveral,4_bahamian_port_canaveral_merrytime,"GOC,LPT",WW0608,Disney Wish,Flexible / Multiple Dates,4,BAHAMAS,Port Canaveral,Disney Castaway Cay; Disney Lookout Cay at Lighthouse Point,2196.68,USD,Very Merrytime (Holiday)
4-Night Bahamian Cruise from Port Canaveral,4_bahamian_port_canaveral_merrytime,"GOC,NAS",WW0529,Disney Wish,Flexible / Multiple Dates,4,BAHAMAS,"Nassau, Bahamas","Nassau, Bahamas; Disney Castaway Cay",2215.96,USD,Very Merrytime (Holiday)
4-Night Bahamian Cruise from Port Canaveral,4_bahamian_port_canaveral_merrytime,"GOC,NAS",WW0533,Disney Wish,Flexible / Multiple Dates,4,BAHAMAS,"Nassau, Bahamas","Nassau, Bahamas; Disney Castaway Cay",2215.96,USD,Very Merrytime (Holiday)
4-Night Bahamian Cruise from Port Canaveral,4_bahamian_port_canaveral_merrytime,"GOC,NAS",WW0537,Disney Wish,Flexible / Multiple Dates,4,BAHAMAS,"Nassau, Bahamas","Nassau, Bahamas; Disney Castaway Cay",2215.96,USD,Very Merrytime (Holiday)
4-Night Bahamian Cruise from Port Canaveral,4_bahamian_port_canaveral_merrytime,"GOC,NAS",WW0614,Disney Wish,Flexible / Multiple Dates,4,BAHAMAS,"Nassau, Bahamas","Nassau, Bahamas; Disney Castaway Cay",2215.96,USD,Very Merrytime (Holiday)
5-Night Baja Cruise from San Diego,5_baja_san_diego,"CKI,ESE",DM1814,Disney Magic,Flexible / Multiple Dates,5,MEXICAN RIVIERA,"Catalina Island, California","Catalina Island, California; Ensenada, Mexico",2221.56,USD,Standard
5-Night Baja Cruise from San Diego,5_baja_san_diego,"CKI,ESE",DW2301,Disney Wonder,Flexible / Multiple Dates,5,MEXICAN RIVIERA,"Catalina Island, California","Catalina Island, California; Ensenada, Mexico",2221.56,USD,Standard
5-Night Baja Cruise from San Diego,5_baja_san_diego,"CKI,ESE",DW2257,Disney Wonder,Flexible / Multiple Dates,5,MEXICAN RIVIERA,"Catalina Island, California","Catalina Island, California; Ensenada, Mexico",2221.56,USD,Standard
5-Night Baja Cruise from San Diego,5_baja_san_diego,"CKI,ESE",DW2224,Disney Wonder,Flexible / Multiple Dates,5,MEXICAN RIVIERA,"Catalina Island, California","Catalina Island, California; Ensenada, Mexico",2221.56,USD,Standard
4-Night Bahamian Cruise from Fort Lauderdale,4_bahamian_fort_lauderdale_halloween,"GOC,NAS",WD0075,Disney Destiny,Flexible / Multiple Dates,4,BAHAMAS,"Nassau, Bahamas","Nassau, Bahamas; Disney Castaway Cay",2225.76,USD,Halloween on the High Seas
5-Night Baja Cruise from San Diego,5_baja_san_diego_merrytime,"CKI,ESE",DW2296,Disney Wonder,Flexible / Multiple Dates,5,MEXICAN RIVIERA,"Catalina Island, California","Catalina Island, California; Ensenada, Mexico",2258.7,USD,Very Merrytime (Holiday)
5-Night Baja Cruise from San Diego,5_baja_san_diego_merrytime,"CKI,ESE",DW2297,Disney Wonder,Flexible / Multiple Dates,5,MEXICAN RIVIERA,"Catalina Island, California","Catalina Island, California; Ensenada, Mexico",2258.7,USD,Very Merrytime (Holiday)
5-Night Western Caribbean Cruise from Galveston,5_western_caribbean_galveston,"CZM,PGO",DM1834,Disney Magic,Flexible / Multiple Dates,5,CARIBBEAN,"Cozumel, Mexico","Cozumel, Mexico; Progreso, Mexico",2279.66,USD,Standard
5-Night Western Caribbean Cruise from Galveston,5_western_caribbean_galveston,"CZM,PGO",DM1772,Disney Magic,Flexible / Multiple Dates,5,CARIBBEAN,"Cozumel, Mexico","Cozumel, Mexico; Progreso, Mexico",2279.66,USD,Standard
5-Night Western Caribbean Cruise from Galveston,5_western_caribbean_galveston,"CZM,PGO",DM1838,Disney Magic,Flexible / Multiple Dates,5,CARIBBEAN,"Cozumel, Mexico","Cozumel, Mexico; Progreso, Mexico",2279.66,USD,Standard
5-Night Western Caribbean Cruise from Galveston,5_western_caribbean_galveston,"CZM,PGO",DM1840,Disney Magic,Flexible / Multiple Dates,5,CARIBBEAN,"Cozumel, Mexico","Cozumel, Mexico; Progreso, Mexico",2279.66,USD,Standard
5-Night Western Caribbean Cruise from Galveston,5_western_caribbean_galveston,"CZM,PGO",DM1844,Disney Magic,Flexible / Multiple Dates,5,CARIBBEAN,"Cozumel, Mexico","Cozumel, Mexico; Progreso, Mexico",2279.66,USD,Standard
5-Night Western Caribbean Cruise from Galveston,5_western_caribbean_galveston,"CZM,PGO",DM1841,Disney Magic,Flexible / Multiple Dates,5,CARIBBEAN,"Cozumel, Mexico","Cozumel, Mexico; Progreso, Mexico",2279.66,USD,Standard
5-Night Western Caribbean Cruise from Galveston,5_western_caribbean_galveston,"CZM,PGO",DM1789,Disney Magic,Flexible / Multiple Dates,5,CARIBBEAN,"Cozumel, Mexico","Cozumel, Mexico; Progreso, Mexico",2279.66,USD,Standard
5-Night Western Caribbean Cruise from Galveston,5_western_caribbean_galveston,"CZM,PGO",DM1788,Disney Magic,Flexible / Multiple Dates,5,CARIBBEAN,"Cozumel, Mexico","Cozumel, Mexico; Progreso, Mexico",2279.66,USD,Standard
5-Night Western Caribbean Cruise from Galveston,5_western_caribbean_galveston,"CZM,PGO",DM1842,Disney Magic,Flexible / Multiple Dates,5,CARIBBEAN,"Cozumel, Mexico","Cozumel, Mexico; Progreso, Mexico",2279.66,USD,Standard
5-Night Western Caribbean Cruise from Galveston,5_western_caribbean_galveston,"CZM,PGO",DM1845,Disney Magic,Flexible / Multiple Dates,5,CARIBBEAN,"Cozumel, Mexico","Cozumel, Mexico; Progreso, Mexico",2279.66,USD,Standard
5-Night Western Caribbean Cruise from Galveston,5_western_caribbean_galveston,"CZM,PGO",DM1786,Disney Magic,Flexible / Multiple Dates,5,CARIBBEAN,"Cozumel, Mexico","Cozumel, Mexico; Progreso, Mexico",2279.66,USD,Standard
5-Night Western Caribbean Cruise from Galveston,5_western_caribbean_galveston,"CZM,PGO",DM1785,Disney Magic,Flexible / Multiple Dates,5,CARIBBEAN,"Cozumel, Mexico","Cozumel, Mexico; Progreso, Mexico",2279.66,USD,Standard
5-Night Western Caribbean Cruise from Galveston,5_western_caribbean_galveston,"CZM,PGO",DM1783,Disney Magic,Flexible / Multiple Dates,5,CARIBBEAN,"Cozumel, Mexico","Cozumel, Mexico; Progreso, Mexico",2279.66,USD,Standard
5-Night Western Caribbean Cruise from Galveston,5_western_caribbean_galveston,"CZM,PGO",DM1847,Disney Magic,Flexible / Multiple Dates,5,CARIBBEAN,"Cozumel, Mexico","Cozumel, Mexico; Progreso, Mexico",2279.66,USD,Standard
4-Night Bahamian Cruise from Port Canaveral,4_bahamian_port_canaveral,"LPT,NAS",DF0905,Disney Fantasy,Flexible / Multiple Dates,4,BAHAMAS,"Nassau, Bahamas","Nassau, Bahamas; Disney Lookout Cay at Lighthouse Point",2279.88,USD,Standard
4-Night Bahamian Cruise from Port Canaveral,4_bahamian_port_canaveral,"LPT,NAS",DF0855,Disney Fantasy,Flexible / Multiple Dates,4,BAHAMAS,"Nassau, Bahamas","Nassau, Bahamas; Disney Lookout Cay at Lighthouse Point",2279.88,USD,Standard
4-Night Bahamian Cruise from Port Canaveral,4_bahamian_port_canaveral,"LPT,NAS",DF0852,Disney Fantasy,Flexible / Multiple Dates,4,BAHAMAS,"Nassau, Bahamas","Nassau, Bahamas; Disney Lookout Cay at Lighthouse Point",2279.88,USD,Standard
4-Night Bahamian Cruise from Port Canaveral,4_bahamian_port_canaveral,"LPT,NAS",DF0858,Disney Fantasy,Flexible / Multiple Dates,4,BAHAMAS,"Nassau, Bahamas","Nassau, Bahamas; Disney Lookout Cay at Lighthouse Point",2279.88,USD,Standard
4-Night Bahamian Cruise from Port Canaveral,4_bahamian_port_canaveral,"LPT,NAS",WW0628,Disney Wish,Flexible / Multiple Dates,4,BAHAMAS,"Nassau, Bahamas","Nassau, Bahamas; Disney Lookout Cay at Lighthouse Point",2279.88,USD,Standard
4-Night Bahamian Cruise from Port Canaveral,4_bahamian_port_canaveral,"LPT,NAS",DF0902,Disney Fantasy,Flexible / Multiple Dates,4,BAHAMAS,"Nassau, Bahamas","Nassau, Bahamas; Disney Lookout Cay at Lighthouse Point",2279.88,USD,Standard
4-Night Bahamian Cruise from Port Canaveral,4_bahamian_port_canaveral,"LPT,NAS",DF0879,Disney Fantasy,Flexible / Multiple Dates,4,BAHAMAS,"Nassau, Bahamas","Nassau, Bahamas; Disney Lookout Cay at Lighthouse Point",2279.88,USD,Standard
4-Night Bahamian Cruise from Port Canaveral,4_bahamian_port_canaveral,"LPT,NAS",WW0652,Disney Wish,Flexible / Multiple Dates,4,BAHAMAS,"Nassau, Bahamas","Nassau, Bahamas; Disney Lookout Cay at Lighthouse Point",2279.88,USD,Standard
4-Night Bahamian Cruise from Port Canaveral,4_bahamian_port_canaveral,"LPT,NAS",DF0882,Disney Fantasy,Flexible / Multiple Dates,4,BAHAMAS,"Nassau, Bahamas","Nassau, Bahamas; Disney Lookout Cay at Lighthouse Point",2279.88,USD,Standard
4-Night Bahamian Cruise from Port Canaveral,4_bahamian_port_canaveral,"LPT,NAS",DF0888,Disney Fantasy,Flexible / Multiple Dates,4,BAHAMAS,"Nassau, Bahamas","Nassau, Bahamas; Disney Lookout Cay at Lighthouse Point",2279.88,USD,Standard
4-Night Bahamian Cruise from Port Canaveral,4_bahamian_port_canaveral,"LPT,NAS",DF0896,Disney Fantasy,Flexible / Multiple Dates,4,BAHAMAS,"Nassau, Bahamas","Nassau, Bahamas; Disney Lookout Cay at Lighthouse Point",2279.88,USD,Standard
4-Night Bahamian Cruise from Port Canaveral,4_bahamian_port_canaveral,"LPT,NAS",DF0894,Disney Fantasy,Flexible / Multiple Dates,4,BAHAMAS,"Nassau, Bahamas","Nassau, Bahamas; Disney Lookout Cay at Lighthouse Point",2279.88,USD,Standard
4-Night Bahamian Cruise from Port Canaveral,4_bahamian_port_canaveral,"LPT,NAS",DF0891,Disney Fantasy,Flexible / Multiple Dates,4,BAHAMAS,"Nassau, Bahamas","Nassau, Bahamas; Disney Lookout Cay at Lighthouse Point",2279.88,USD,Standard
4-Night Bahamian Cruise from Port Canaveral,4_bahamian_port_canaveral,"LPT,NAS",WW0644,Disney Wish,Flexible / Multiple Dates,4,BAHAMAS,"Nassau, Bahamas","Nassau, Bahamas; Disney Lookout Cay at Lighthouse Point",2279.88,USD,Standard
4-Night Bahamian Cruise from Port Canaveral,4_bahamian_port_canaveral,"LPT,NAS",WW0618,Disney Wish,Flexible / Multiple Dates,4,BAHAMAS,"Nassau, Bahamas","Nassau, Bahamas; Disney Lookout Cay at Lighthouse Point",2279.88,USD,Standard
5-Night Mexican Riviera Cruise from San Diego,5_mexican_riviera_san_diego,"CSL,ESE",DW2227,Disney Wonder,Flexible / Multiple Dates,5,MEXICAN RIVIERA,"Cabo San Lucas, Mexico","Cabo San Lucas, Mexico; Ensenada, Mexico",2283.82,USD,Standard
5-Night Mexican Riviera Cruise from San Diego,5_mexican_riviera_san_diego,"CSL,ESE",DW2248,Disney Wonder,Flexible / Multiple Dates,5,MEXICAN RIVIERA,"Cabo San Lucas, Mexico","Cabo San Lucas, Mexico; Ensenada, Mexico",2283.82,USD,Standard
5-Night Western Caribbean Cruise from Galveston,5_western_caribbean_galveston_marvel,"CZM,PGO",DM1780,Disney Magic,Flexible / Multiple Dates,5,CARIBBEAN,"Cozumel, Mexico","Cozumel, Mexico; Progreso, Mexico",2301.4,USD,Marvel Day at Sea
5-Night Western Caribbean Cruise from Galveston,5_western_caribbean_galveston_marvel,"CZM,PGO",DM1779,Disney Magic,Flexible / Multiple Dates,5,CARIBBEAN,"Cozumel, Mexico","Cozumel, Mexico; Progreso, Mexico",2301.4,USD,Marvel Day at Sea
5-Night Western Caribbean Cruise from Galveston,5_western_caribbean_galveston_marvel,"CZM,PGO",DM1777,Disney Magic,Flexible / Multiple Dates,5,CARIBBEAN,"Cozumel, Mexico","Cozumel, Mexico; Progreso, Mexico",2301.4,USD,Marvel Day at Sea
5-Night Western Caribbean Cruise from Galveston,5_western_caribbean_galveston_marvel,"CZM,PGO",DM1776,Disney Magic,Flexible / Multiple Dates,5,CARIBBEAN,"Cozumel, Mexico","Cozumel, Mexico; Progreso, Mexico",2301.4,USD,Marvel Day at Sea
5-Night Western Caribbean Cruise from Galveston,5_western_caribbean_galveston_marvel,"CZM,PGO",DM1782,Disney Magic,Flexible / Multiple Dates,5,CARIBBEAN,"Cozumel, Mexico","Cozumel, Mexico; Progreso, Mexico",2301.4,USD,Marvel Day at Sea
5-Night Baja Cruise from San Diego,5_baja_san_diego_halloween,"CKI,ESE",DM1815,Disney Magic,Flexible / Multiple Dates,5,MEXICAN RIVIERA,"Catalina Island, California","Catalina Island, California; Ensenada, Mexico",2321.56,USD,Halloween on the High Seas
4-Night Bahamian Cruise from Port Canaveral,4_bahamian_port_canaveral_halloween,"GOC,NAS",DD1607,Disney Dream,Flexible / Multiple Dates,4,BAHAMAS,"Nassau, Bahamas","Nassau, Bahamas; Disney Castaway Cay",2345.28,USD,Halloween on the High Seas
4-Night Bahamian Cruise from Port Canaveral,4_bahamian_port_canaveral_halloween,"GOC,NAS",WW0521,Disney Wish,Flexible / Multiple Dates,4,BAHAMAS,"Nassau, Bahamas","Nassau, Bahamas; Disney Castaway Cay",2345.28,USD,Halloween on the High Seas
3-Night Bahamian Cruise from Port Canaveral,3_bahamian_port_canaveral_merrytime,GOC,WD0159,Disney Destiny,Flexible / Multiple Dates,3,BAHAMAS,Port Canaveral,Disney Castaway Cay,2345.78,USD,Very Merrytime (Holiday)
3-Night Bahamian Cruise from Port Canaveral,3_bahamian_port_canaveral_merrytime,GOC,WW0539,Disney Wish,Flexible / Multiple Dates,3,BAHAMAS,Port Canaveral,Disney Castaway Cay,2345.78,USD,Very Merrytime (Holiday)
3-Night Bahamian Cruise from Port Canaveral,3_bahamian_port_canaveral_merrytime,GOC,WW0617,Disney Wish,Flexible / Multiple Dates,3,BAHAMAS,Port Canaveral,Disney Castaway Cay,2345.78,USD,Very Merrytime (Holiday)
5-Night Western Caribbean Cruise from Galveston,5_western_caribbean_galveston,PGO,DM1836,Disney Magic,Flexible / Multiple Dates,5,CARIBBEAN,"Progreso, Mexico","Progreso, Mexico",2373.26,USD,Standard
5-Night Bahamian Cruise from Port Canaveral,5_bahamian_port_canaveral_halloween,"GOC,LPT,NAS",DF0834,Disney Fantasy,Flexible / Multiple Dates,5,BAHAMAS,Port Canaveral,"Disney Castaway Cay; Disney Lookout Cay at Lighthouse Point; Nassau, Bahamas",2440.1,USD,Halloween on the High Seas
5-Night Bahamian Cruise from Port Canaveral,5_bahamian_port_canaveral_halloween,"GOC,LPT,NAS",DF0835,Disney Fantasy,Flexible / Multiple Dates,5,BAHAMAS,Port Canaveral,"Disney Castaway Cay; Disney Lookout Cay at Lighthouse Point; Nassau, Bahamas",2440.1,USD,Halloween on the High Seas
5-Night Bahamian Cruise from Port Canaveral,5_bahamian_port_canaveral_halloween,"GOC,LPT,NAS",DF0910,Disney Fantasy,Flexible / Multiple Dates,5,BAHAMAS,Port Canaveral,"Disney Castaway Cay; Disney Lookout Cay at Lighthouse Point; Nassau, Bahamas",2440.1,USD,Halloween on the High Seas
5-Night Bahamian Cruise from Port Canaveral,5_bahamian_port_canaveral_halloween,"GOC,LPT,NAS",DF0909,Disney Fantasy,Flexible / Multiple Dates,5,BAHAMAS,Port Canaveral,"Disney Castaway Cay; Disney Lookout Cay at Lighthouse Point; Nassau, Bahamas",2440.1,USD,Halloween on the High Seas
5-Night Bahamian Cruise from Port Canaveral,5_bahamian_port_canaveral_halloween,"GOC,LPT,NAS",DF0913,Disney Fantasy,Flexible / Multiple Dates,5,BAHAMAS,Port Canaveral,"Disney Castaway Cay; Disney Lookout Cay at Lighthouse Point; Nassau, Bahamas",2440.1,USD,Halloween on the High Seas
5-Night Bahamian Cruise from Port Canaveral,5_bahamian_port_canaveral_halloween,"GOC,LPT,NAS",DF0912,Disney Fantasy,Flexible / Multiple Dates,5,BAHAMAS,Port Canaveral,"Disney Castaway Cay; Disney Lookout Cay at Lighthouse Point; Nassau, Bahamas",2440.1,USD,Halloween on the High Seas
5-Night Bahamian Cruise from Port Canaveral,5_bahamian_port_canaveral_halloween,"GOC,LPT,NAS",DF0916,Disney Fantasy,Flexible / Multiple Dates,5,BAHAMAS,Port Canaveral,"Disney Castaway Cay; Disney Lookout Cay at Lighthouse Point; Nassau, Bahamas",2440.1,USD,Halloween on the High Seas
5-Night Bahamian Cruise from Port Canaveral,5_bahamian_port_canaveral_halloween,"GOC,LPT,NAS",DF0915,Disney Fantasy,Flexible / Multiple Dates,5,BAHAMAS,Port Canaveral,"Disney Castaway Cay; Disney Lookout Cay at Lighthouse Point; Nassau, Bahamas",2440.1,USD,Halloween on the High Seas
5-Night Bahamian Cruise from Port Canaveral,5_bahamian_port_canaveral_halloween,"GOC,LPT,NAS",DF0918,Disney Fantasy,Flexible / Multiple Dates,5,BAHAMAS,Port Canaveral,"Disney Castaway Cay; Disney Lookout Cay at Lighthouse Point; Nassau, Bahamas",2440.1,USD,Halloween on the High Seas
5-Night Bahamian Cruise from Port Canaveral,5_bahamian_port_canaveral,"GOC,LPT,NAS",DF0837,Disney Fantasy,Flexible / Multiple Dates,5,BAHAMAS,Port Canaveral,"Disney Castaway Cay; Nassau, Bahamas; Disney Lookout Cay at Lighthouse Point",2440.1,USD,Standard
5-Night Bahamian Cruise from Port Canaveral,5_bahamian_port_canaveral,"GOC,LPT,NAS",DF0838,Disney Fantasy,Flexible / Multiple Dates,5,BAHAMAS,Port Canaveral,"Disney Castaway Cay; Nassau, Bahamas; Disney Lookout Cay at Lighthouse Point",2440.1,USD,Standard
5-Night Bahamian Cruise from Port Canaveral,5_bahamian_port_canaveral,"GOC,LPT,NAS",DF0903,Disney Fantasy,Flexible / Multiple Dates,5,BAHAMAS,Port Canaveral,"Disney Castaway Cay; Nassau, Bahamas; Disney Lookout Cay at Lighthouse Point",2440.1,USD,Standard
5-Night Bahamian Cruise from Port Canaveral,5_bahamian_port_canaveral,"GOC,LPT,NAS",DF0853,Disney Fantasy,Flexible / Multiple Dates,5,BAHAMAS,Port Canaveral,"Disney Castaway Cay; Nassau, Bahamas; Disney Lookout Cay at Lighthouse Point",2440.1,USD,Standard
5-Night Bahamian Cruise from Port Canaveral,5_bahamian_port_canaveral,"GOC,LPT,NAS",DF0906,Disney Fantasy,Flexible / Multiple Dates,5,BAHAMAS,Port Canaveral,"Disney Castaway Cay; Nassau, Bahamas; Disney Lookout Cay at Lighthouse Point",2440.1,USD,Standard
5-Night Bahamian Cruise from Port Canaveral,5_bahamian_port_canaveral,"GOC,LPT,NAS",DF0878,Disney Fantasy,Flexible / Multiple Dates,5,BAHAMAS,Port Canaveral,"Disney Castaway Cay; Nassau, Bahamas; Disney Lookout Cay at Lighthouse Point",2440.1,USD,Standard
5-Night Bahamian Cruise from Port Canaveral,5_bahamian_port_canaveral,"GOC,LPT,NAS",DF0880,Disney Fantasy,Flexible / Multiple Dates,5,BAHAMAS,Port Canaveral,"Disney Castaway Cay; Nassau, Bahamas; Disney Lookout Cay at Lighthouse Point",2440.1,USD,Standard
5-Night Bahamian Cruise from Port Canaveral,5_bahamian_port_canaveral,"GOC,LPT,NAS",DF0863,Disney Fantasy,Flexible / Multiple Dates,5,BAHAMAS,Port Canaveral,"Disney Castaway Cay; Nassau, Bahamas; Disney Lookout Cay at Lighthouse Point",2440.1,USD,Standard
5-Night Bahamian Cruise from Port Canaveral,5_bahamian_port_canaveral,"GOC,LPT,NAS",DF0877,Disney Fantasy,Flexible / Multiple Dates,5,BAHAMAS,Port Canaveral,"Disney Castaway Cay; Nassau, Bahamas; Disney Lookout Cay at Lighthouse Point",2440.1,USD,Standard
5-Night Bahamian Cruise from Port Canaveral,5_bahamian_port_canaveral,"GOC,LPT,NAS",WD0189,Disney Destiny,Flexible / Multiple Dates,5,BAHAMAS,Port Canaveral,"Disney Castaway Cay; Nassau, Bahamas; Disney Lookout Cay at Lighthouse Point",2440.1,USD,Standard
5-Night Bahamian Cruise from Port Canaveral,5_bahamian_port_canaveral,"GOC,LPT,NAS",WD0168,Disney Destiny,Flexible / Multiple Dates,5,BAHAMAS,Port Canaveral,"Disney Castaway Cay; Nassau, Bahamas; Disney Lookout Cay at Lighthouse Point",2440.1,USD,Standard
5-Night Bahamian Cruise from Port Canaveral,5_bahamian_port_canaveral,"GOC,LPT,NAS",WD0171,Disney Destiny,Flexible / Multiple Dates,5,BAHAMAS,Port Canaveral,"Disney Castaway Cay; Nassau, Bahamas; Disney Lookout Cay at Lighthouse Point",2440.1,USD,Standard
5-Night Bahamian Cruise from Port Canaveral,5_bahamian_port_canaveral,"GOC,LPT,NAS",WD0170,Disney Destiny,Flexible / Multiple Dates,5,BAHAMAS,Port Canaveral,"Disney Castaway Cay; Nassau, Bahamas; Disney Lookout Cay at Lighthouse Point",2440.1,USD,Standard
5-Night Bahamian Cruise from Port Canaveral,5_bahamian_port_canaveral,"GOC,LPT,NAS",DF0881,Disney Fantasy,Flexible / Multiple Dates,5,BAHAMAS,Port Canaveral,"Disney Castaway Cay; Nassau, Bahamas; Disney Lookout Cay at Lighthouse Point",2440.1,USD,Standard
5-Night Bahamian Cruise from Port Canaveral,5_bahamian_port_canaveral,"GOC,LPT,NAS",WD0191,Disney Destiny,Flexible / Multiple Dates,5,BAHAMAS,Port Canaveral,"Disney Castaway Cay; Nassau, Bahamas; Disney Lookout Cay at Lighthouse Point",2440.1,USD,Standard
5-Night Bahamian Cruise from Port Canaveral,5_bahamian_port_canaveral,"GOC,LPT,NAS",WD0177,Disney Destiny,Flexible / Multiple Dates,5,BAHAMAS,Port Canaveral,"Disney Castaway Cay; Nassau, Bahamas; Disney Lookout Cay at Lighthouse Point",2440.1,USD,Standard
5-Night Bahamian Cruise from Port Canaveral,5_bahamian_port_canaveral,"GOC,LPT,NAS",WD0166,Disney Destiny,Flexible / Multiple Dates,5,BAHAMAS,Port Canaveral,"Disney Castaway Cay; Nassau, Bahamas; Disney Lookout Cay at Lighthouse Point",2440.1,USD,Standard
5-Night Bahamian Cruise from Port Canaveral,5_bahamian_port_canaveral,"GOC,LPT,NAS",WD0173,Disney Destiny,Flexible / Multiple Dates,5,BAHAMAS,Port Canaveral,"Disney Castaway Cay; Nassau, Bahamas; Disney Lookout Cay at Lighthouse Point",2440.1,USD,Standard
5-Night Bahamian Cruise from Port Canaveral,5_bahamian_port_canaveral,"GOC,LPT,NAS",WD0174,Disney Destiny,Flexible / Multiple Dates,5,BAHAMAS,Port Canaveral,"Disney Castaway Cay; Nassau, Bahamas; Disney Lookout Cay at Lighthouse Point",2440.1,USD,Standard
5-Night Bahamian Cruise from Port Canaveral,5_bahamian_port_canaveral,"GOC,LPT,NAS",DF0865,Disney Fantasy,Flexible / Multiple Dates,5,BAHAMAS,Port Canaveral,"Disney Castaway Cay; Nassau, Bahamas; Disney Lookout Cay at Lighthouse Point",2440.1,USD,Standard
5-Night Bahamian Cruise from Port Canaveral,5_bahamian_port_canaveral,"GOC,LPT,NAS",DF0866,Disney Fantasy,Flexible / Multiple Dates,5,BAHAMAS,Port Canaveral,"Disney Castaway Cay; Nassau, Bahamas; Disney Lookout Cay at Lighthouse Point",2440.1,USD,Standard
5-Night Bahamian Cruise from Port Canaveral,5_bahamian_port_canaveral,"GOC,LPT,NAS",WD0185,Disney Destiny,Flexible / Multiple Dates,5,BAHAMAS,Port Canaveral,"Disney Castaway Cay; Nassau, Bahamas; Disney Lookout Cay at Lighthouse Point",2440.1,USD,Standard
5-Night Bahamian Cruise from Port Canaveral,5_bahamian_port_canaveral,"GOC,LPT,NAS",WD0186,Disney Destiny,Flexible / Multiple Dates,5,BAHAMAS,Port Canaveral,"Disney Castaway Cay; Nassau, Bahamas; Disney Lookout Cay at Lighthouse Point",2440.1,USD,Standard
5-Night Bahamian Cruise from Port Canaveral,5_bahamian_port_canaveral,"GOC,LPT,NAS",DF0900,Disney Fantasy,Flexible / Multiple Dates,5,BAHAMAS,Port Canaveral,"Disney Castaway Cay; Nassau, Bahamas; Disney Lookout Cay at Lighthouse Point",2440.1,USD,Standard
5-Night Bahamian Cruise from Port Canaveral,5_bahamian_port_canaveral,"GOC,LPT,NAS",WD0176,Disney Destiny,Flexible / Multiple Dates,5,BAHAMAS,Port Canaveral,"Disney Castaway Cay; Nassau, Bahamas; Disney Lookout Cay at Lighthouse Point",2440.1,USD,Standard
5-Night Bahamian Cruise from Port Canaveral,5_bahamian_port_canaveral,"GOC,LPT,NAS",WD0183,Disney Destiny,Flexible / Multiple Dates,5,BAHAMAS,Port Canaveral,"Disney Castaway Cay; Nassau, Bahamas; Disney Lookout Cay at Lighthouse Point",2440.1,USD,Standard
5-Night Bahamian Cruise from Port Canaveral,5_bahamian_port_canaveral,"GOC,LPT,NAS",WD0182,Disney Destiny,Flexible / Multiple Dates,5,BAHAMAS,Port Canaveral,"Disney Castaway Cay; Nassau, Bahamas; Disney Lookout Cay at Lighthouse Point",2440.1,USD,Standard
5-Night Bahamian Cruise from Port Canaveral,5_bahamian_port_canaveral,"GOC,LPT,NAS",DF0883,Disney Fantasy,Flexible / Multiple Dates,5,BAHAMAS,Port Canaveral,"Disney Castaway Cay; Nassau, Bahamas; Disney Lookout Cay at Lighthouse Point",2440.1,USD,Standard
5-Night Bahamian Cruise from Port Canaveral,5_bahamian_port_canaveral,"GOC,LPT,NAS",WD0179,Disney Destiny,Flexible / Multiple Dates,5,BAHAMAS,Port Canaveral,"Disney Castaway Cay; Nassau, Bahamas; Disney Lookout Cay at Lighthouse Point",2440.1,USD,Standard
5-Night Bahamian Cruise from Port Canaveral,5_bahamian_port_canaveral,"GOC,LPT,NAS",WD0180,Disney Destiny,Flexible / Multiple Dates,5,BAHAMAS,Port Canaveral,"Disney Castaway Cay; Nassau, Bahamas; Disney Lookout Cay at Lighthouse Point",2440.1,USD,Standard
5-Night Bahamian Cruise from Port Canaveral,5_bahamian_port_canaveral,"GOC,LPT,NAS",DF0887,Disney Fantasy,Flexible / Multiple Dates,5,BAHAMAS,Port Canaveral,"Disney Castaway Cay; Nassau, Bahamas; Disney Lookout Cay at Lighthouse Point",2440.1,USD,Standard
5-Night Bahamian Cruise from Port Canaveral,5_bahamian_port_canaveral,"GOC,LPT,NAS",DF0889,Disney Fantasy,Flexible / Multiple Dates,5,BAHAMAS,Port Canaveral,"Disney Castaway Cay; Nassau, Bahamas; Disney Lookout Cay at Lighthouse Point",2440.1,USD,Standard
5-Night Bahamian Cruise from Port Canaveral,5_bahamian_port_canaveral,"GOC,LPT,NAS",DF0893,Disney Fantasy,Flexible / Multiple Dates,5,BAHAMAS,Port Canaveral,"Disney Castaway Cay; Nassau, Bahamas; Disney Lookout Cay at Lighthouse Point",2440.1,USD,Standard
5-Night Bahamian Cruise from Port Canaveral,5_bahamian_port_canaveral,"GOC,LPT,NAS",DF0868,Disney Fantasy,Flexible / Multiple Dates,5,BAHAMAS,Port Canaveral,"Disney Castaway Cay; Nassau, Bahamas; Disney Lookout Cay at Lighthouse Point",2440.1,USD,Standard
5-Night Bahamian Cruise from Port Canaveral,5_bahamian_port_canaveral,"GOC,LPT,NAS",WD0188,Disney Destiny,Flexible / Multiple Dates,5,BAHAMAS,Port Canaveral,"Disney Castaway Cay; Nassau, Bahamas; Disney Lookout Cay at Lighthouse Point",2440.1,USD,Standard
5-Night Bahamian Cruise from Port Canaveral,5_bahamian_port_canaveral,"GOC,LPT,NAS",WD0165,Disney Destiny,Flexible / Multiple Dates,5,BAHAMAS,Port Canaveral,"Disney Castaway Cay; Nassau, Bahamas; Disney Lookout Cay at Lighthouse Point",2440.1,USD,Standard
3-Night Bahamian Cruise from Fort Lauderdale,3_bahamian_fort_lauderdale,GOC,WD0138,Disney Destiny,Flexible / Multiple Dates,3,BAHAMAS,Fort Lauderdale,Disney Castaway Cay,2465.58,USD,Standard
4-Night Bahamian Cruise from Fort Lauderdale,4_bahamian_fort_lauderdale_merrytime,"GOC,NAS",WD0078,Disney Destiny,Flexible / Multiple Dates,4,BAHAMAS,"Nassau, Bahamas","Nassau, Bahamas; Disney Castaway Cay",2497.76,USD,Very Merrytime (Holiday)
4-Night Bahamian Cruise from Fort Lauderdale,4_bahamian_fort_lauderdale_merrytime,"LPT,NAS",DD1530,Disney Dream,Flexible / Multiple Dates,4,BAHAMAS,Fort Lauderdale,"Disney Lookout Cay at Lighthouse Point; Nassau, Bahamas",2506.0,USD,Very Merrytime (Holiday)
4-Night Bahamian Cruise from Fort Lauderdale,4_bahamian_fort_lauderdale_merrytime,"LPT,NAS",DD1635,Disney Dream,Flexible / Multiple Dates,4,BAHAMAS,Fort Lauderdale,"Disney Lookout Cay at Lighthouse Point; Nassau, Bahamas",2506.0,USD,Very Merrytime (Holiday)
4-Night Bahamian Cruise from Fort Lauderdale,4_bahamian_fort_lauderdale_merrytime,"LPT,NAS",DF0927,Disney Fantasy,Flexible / Multiple Dates,4,BAHAMAS,Fort Lauderdale,"Disney Lookout Cay at Lighthouse Point; Nassau, Bahamas",2506.0,USD,Very Merrytime (Holiday)
4-Night Bahamian Cruise from Fort Lauderdale,4_bahamian_fort_lauderdale_merrytime,"LPT,NAS",WD0154,Disney Destiny,Flexible / Multiple Dates,4,BAHAMAS,Fort Lauderdale,"Disney Lookout Cay at Lighthouse Point; Nassau, Bahamas",2506.0,USD,Very Merrytime (Holiday)
5-Night Western Caribbean Cruise from Fort Lauderdale,5_western_fort_lauderdale,"CZM,GOC",WD0091,Disney Destiny,Flexible / Multiple Dates,5,CARIBBEAN,Fort Lauderdale,"Disney Castaway Cay; Cozumel, Mexico",2512.64,USD,Standard
5-Night Western Caribbean Cruise from Fort Lauderdale,5_western_fort_lauderdale,"CZM,GOC",WD0077,Disney Destiny,Flexible / Multiple Dates,5,CARIBBEAN,Fort Lauderdale,"Disney Castaway Cay; Cozumel, Mexico",2512.64,USD,Standard
5-Night Western Caribbean Cruise from Fort Lauderdale,5_western_fort_lauderdale,"CZM,GOC",DD1672,Disney Dream,Flexible / Multiple Dates,5,CARIBBEAN,Fort Lauderdale,"Disney Castaway Cay; Cozumel, Mexico",2512.64,USD,Standard
5-Night Western Caribbean Cruise from Fort Lauderdale,5_western_fort_lauderdale,"CZM,GOC",WD0108,Disney Destiny,Flexible / Multiple Dates,5,CARIBBEAN,Fort Lauderdale,"Disney Castaway Cay; Cozumel, Mexico",2512.64,USD,Standard
5-Night Western Caribbean Cruise from Fort Lauderdale,5_western_fort_lauderdale,"CZM,GOC",WD0099,Disney Destiny,Flexible / Multiple Dates,5,CARIBBEAN,Fort Lauderdale,"Disney Castaway Cay; Cozumel, Mexico",2512.64,USD,Standard
5-Night Western Caribbean Cruise from Fort Lauderdale,5_western_fort_lauderdale,"CZM,GOC",WD0114,Disney Destiny,Flexible / Multiple Dates,5,CARIBBEAN,Fort Lauderdale,"Disney Castaway Cay; Cozumel, Mexico",2512.64,USD,Standard
5-Night Western Caribbean Cruise from Fort Lauderdale,5_western_fort_lauderdale,"CZM,GOC",WD0111,Disney Destiny,Flexible / Multiple Dates,5,CARIBBEAN,Fort Lauderdale,"Disney Castaway Cay; Cozumel, Mexico",2512.64,USD,Standard
5-Night Western Caribbean Cruise from Fort Lauderdale,5_western_fort_lauderdale,"CZM,GOC",WD0088,Disney Destiny,Flexible / Multiple Dates,5,CARIBBEAN,Fort Lauderdale,"Disney Castaway Cay; Cozumel, Mexico",2512.64,USD,Standard
5-Night Western Caribbean Cruise from Fort Lauderdale,5_western_fort_lauderdale,"CZM,GOC",WD0117,Disney Destiny,Flexible / Multiple Dates,5,CARIBBEAN,Fort Lauderdale,"Disney Castaway Cay; Cozumel, Mexico",2512.64,USD,Standard
5-Night Western Caribbean Cruise from Fort Lauderdale,5_western_fort_lauderdale,"CZM,GOC",WD0133,Disney Destiny,Flexible / Multiple Dates,5,CARIBBEAN,Fort Lauderdale,"Disney Castaway Cay; Cozumel, Mexico",2512.64,USD,Standard
5-Night Western Caribbean Cruise from Fort Lauderdale,5_western_fort_lauderdale,"CZM,GOC",WD0096,Disney Destiny,Flexible / Multiple Dates,5,CARIBBEAN,Fort Lauderdale,"Disney Castaway Cay; Cozumel, Mexico",2512.64,USD,Standard
5-Night Western Caribbean Cruise from Fort Lauderdale,5_western_fort_lauderdale,"CZM,GOC",WD0102,Disney Destiny,Flexible / Multiple Dates,5,CARIBBEAN,Fort Lauderdale,"Disney Castaway Cay; Cozumel, Mexico",2512.64,USD,Standard
5-Night Western Caribbean Cruise from Fort Lauderdale,5_western_fort_lauderdale,"CZM,GOC",WD0128,Disney Destiny,Flexible / Multiple Dates,5,CARIBBEAN,Fort Lauderdale,"Disney Castaway Cay; Cozumel, Mexico",2512.64,USD,Standard
5-Night Western Caribbean Cruise from Fort Lauderdale,5_western_fort_lauderdale,"CZM,GOC",WD0125,Disney Destiny,Flexible / Multiple Dates,5,CARIBBEAN,Fort Lauderdale,"Disney Castaway Cay; Cozumel, Mexico",2512.64,USD,Standard
5-Night Western Caribbean Cruise from Fort Lauderdale,5_western_fort_lauderdale,"CZM,GOC",WD0120,Disney Destiny,Flexible / Multiple Dates,5,CARIBBEAN,Fort Lauderdale,"Disney Castaway Cay; Cozumel, Mexico",2512.64,USD,Standard
5-Night Western Caribbean Cruise from Fort Lauderdale,5_western_fort_lauderdale,"CZM,GOC",WD0105,Disney Destiny,Flexible / Multiple Dates,5,CARIBBEAN,Fort Lauderdale,"Disney Castaway Cay; Cozumel, Mexico",2512.64,USD,Standard
7-Night Mexican Riviera Cruise from San Diego,7_mexican_riviera_halloween,"CSL,ESE,PVR",DM1758,Disney Magic,Flexible / Multiple Dates,7,MEXICAN RIVIERA,"Ensenada, Mexico","Ensenada, Mexico; Cabo San Lucas, Mexico; Puerto Vallarta, Mexico",2527.0,USD,Halloween on the High Seas
7-Night Mexican Riviera Cruise from San Diego,7_mexican_riviera_halloween,"CSL,ESE,PVR",DM1817,Disney Magic,Flexible / Multiple Dates,7,MEXICAN RIVIERA,"Ensenada, Mexico","Ensenada, Mexico; Cabo San Lucas, Mexico; Puerto Vallarta, Mexico",2527.0,USD,Halloween on the High Seas
5-Night Western Caribbean Cruise from Fort Lauderdale,5_western_caribbean_fort_lauderdale_halloween,"CZM,GOC",WD0074,Disney Destiny,Flexible / Multiple Dates,5,CARIBBEAN,"Cozumel, Mexico","Cozumel, Mexico; Disney Castaway Cay",2532.56,USD,Halloween on the High Seas
5-Night Western Caribbean Cruise from Fort Lauderdale,5_western_caribbean_fort_lauderdale_halloween,"CZM,GOC",WD0150,Disney Destiny,Flexible / Multiple Dates,5,CARIBBEAN,"Cozumel, Mexico","Cozumel, Mexico; Disney Castaway Cay",2532.56,USD,Halloween on the High Seas
5-Night Western Caribbean Cruise from Fort Lauderdale,5_western_caribbean_fort_lauderdale_halloween,"CZM,GOC",WD0147,Disney Destiny,Flexible / Multiple Dates,5,CARIBBEAN,"Cozumel, Mexico","Cozumel, Mexico; Disney Castaway Cay",2532.56,USD,Halloween on the High Seas
5-Night Western Caribbean Cruise from Fort Lauderdale,5_western_caribbean_fort_lauderdale_halloween,"CZM,GOC",WD0144,Disney Destiny,Flexible / Multiple Dates,5,CARIBBEAN,"Cozumel, Mexico","Cozumel, Mexico; Disney Castaway Cay",2532.56,USD,Halloween on the High Seas
4-Night Bahamian Cruise from Port Canaveral,4_bahamian_port_canaveral,"GOC,LPT",DD1605,Disney Dream,Flexible / Multiple Dates,4,BAHAMAS,Port Canaveral,Disney Lookout Cay at Lighthouse Point; Disney Castaway Cay,2546.46,USD,Standard
4-Night Bahamian Cruise from Port Canaveral,4_bahamian_port_canaveral,"GOC,LPT",WW0630,Disney Wish,Flexible / Multiple Dates,4,BAHAMAS,Port Canaveral,Disney Lookout Cay at Lighthouse Point; Disney Castaway Cay,2546.46,USD,Standard
4-Night Bahamian Cruise from Port Canaveral,4_bahamian_port_canaveral,"GOC,LPT",DF0873,Disney Fantasy,Flexible / Multiple Dates,4,BAHAMAS,Port Canaveral,Disney Lookout Cay at Lighthouse Point; Disney Castaway Cay,2546.46,USD,Standard
4-Night Bahamian Cruise from Port Canaveral,4_bahamian_port_canaveral,"GOC,LPT",DD1623,Disney Dream,Flexible / Multiple Dates,4,BAHAMAS,Port Canaveral,Disney Lookout Cay at Lighthouse Point; Disney Castaway Cay,2546.46,USD,Standard
4-Night Bahamian Cruise from Port Canaveral,4_bahamian_port_canaveral,"GOC,LPT",WW0551,Disney Wish,Flexible / Multiple Dates,4,BAHAMAS,Port Canaveral,Disney Lookout Cay at Lighthouse Point; Disney Castaway Cay,2546.46,USD,Standard
4-Night Bahamian Cruise from Port Canaveral,4_bahamian_port_canaveral,"GOC,LPT",WW0632,Disney Wish,Flexible / Multiple Dates,4,BAHAMAS,Port Canaveral,Disney Lookout Cay at Lighthouse Point; Disney Castaway Cay,2546.46,USD,Standard
4-Night Bahamian Cruise from Port Canaveral,4_bahamian_port_canaveral,"GOC,LPT",DF0876,Disney Fantasy,Flexible / Multiple Dates,4,BAHAMAS,Port Canaveral,Disney Lookout Cay at Lighthouse Point; Disney Castaway Cay,2546.46,USD,Standard
4-Night Bahamian Cruise from Port Canaveral,4_bahamian_port_canaveral,"GOC,LPT",DF0864,Disney Fantasy,Flexible / Multiple Dates,4,BAHAMAS,Port Canaveral,Disney Lookout Cay at Lighthouse Point; Disney Castaway Cay,2546.46,USD,Standard
4-Night Bahamian Cruise from Port Canaveral,4_bahamian_port_canaveral,"GOC,LPT",WW0547,Disney Wish,Flexible / Multiple Dates,4,BAHAMAS,Port Canaveral,Disney Lookout Cay at Lighthouse Point; Disney Castaway Cay,2546.46,USD,Standard
4-Night Bahamian Cruise from Port Canaveral,4_bahamian_port_canaveral,"GOC,LPT",DF0861,Disney Fantasy,Flexible / Multiple Dates,4,BAHAMAS,Port Canaveral,Disney Lookout Cay at Lighthouse Point; Disney Castaway Cay,2546.46,USD,Standard
4-Night Bahamian Cruise from Port Canaveral,4_bahamian_port_canaveral,"GOC,LPT",WW0543,Disney Wish,Flexible / Multiple Dates,4,BAHAMAS,Port Canaveral,Disney Lookout Cay at Lighthouse Point; Disney Castaway Cay,2546.46,USD,Standard
4-Night Bahamian Cruise from Port Canaveral,4_bahamian_port_canaveral,"GOC,LPT",DD1601,Disney Dream,Flexible / Multiple Dates,4,BAHAMAS,Port Canaveral,Disney Lookout Cay at Lighthouse Point; Disney Castaway Cay,2546.46,USD,Standard
4-Night Bahamian Cruise from Port Canaveral,4_bahamian_port_canaveral,"GOC,LPT",DD1573,Disney Dream,Flexible / Multiple Dates,4,BAHAMAS,Port Canaveral,Disney Lookout Cay at Lighthouse Point; Disney Castaway Cay,2546.46,USD,Standard
4-Night Bahamian Cruise from Port Canaveral,4_bahamian_port_canaveral,"GOC,LPT",DF0899,Disney Fantasy,Flexible / Multiple Dates,4,BAHAMAS,Port Canaveral,Disney Lookout Cay at Lighthouse Point; Disney Castaway Cay,2546.46,USD,Standard
4-Night Bahamian Cruise from Port Canaveral,4_bahamian_port_canaveral,"GOC,LPT",DF0867,Disney Fantasy,Flexible / Multiple Dates,4,BAHAMAS,Port Canaveral,Disney Lookout Cay at Lighthouse Point; Disney Castaway Cay,2546.46,USD,Standard
4-Night Bahamian Cruise from Port Canaveral,4_bahamian_port_canaveral,"GOC,LPT",WW0559,Disney Wish,Flexible / Multiple Dates,4,BAHAMAS,Port Canaveral,Disney Lookout Cay at Lighthouse Point; Disney Castaway Cay,2546.46,USD,Standard
4-Night Bahamian Cruise from Port Canaveral,4_bahamian_port_canaveral,"GOC,LPT",WW0646,Disney Wish,Flexible / Multiple Dates,4,BAHAMAS,Port Canaveral,Disney Lookout Cay at Lighthouse Point; Disney Castaway Cay,2546.46,USD,Standard
4-Night Bahamian Cruise from Port Canaveral,4_bahamian_port_canaveral,"GOC,LPT",DD1577,Disney Dream,Flexible / Multiple Dates,4,BAHAMAS,Port Canaveral,Disney Lookout Cay at Lighthouse Point; Disney Castaway Cay,2546.46,USD,Standard
4-Night Bahamian Cruise from Port Canaveral,4_bahamian_port_canaveral,"GOC,LPT",DF0870,Disney Fantasy,Flexible / Multiple Dates,4,BAHAMAS,Port Canaveral,Disney Lookout Cay at Lighthouse Point; Disney Castaway Cay,2546.46,USD,Standard
4-Night Bahamian Cruise from Port Canaveral,4_bahamian_port_canaveral,"GOC,LPT",DD1597,Disney Dream,Flexible / Multiple Dates,4,BAHAMAS,Port Canaveral,Disney Lookout Cay at Lighthouse Point; Disney Castaway Cay,2546.46,USD,Standard
4-Night Bahamian Cruise from Port Canaveral,4_bahamian_port_canaveral,"GOC,LPT",WW0638,Disney Wish,Flexible / Multiple Dates,4,BAHAMAS,Port Canaveral,Disney Lookout Cay at Lighthouse Point; Disney Castaway Cay,2546.46,USD,Standard
4-Night Bahamian Cruise from Port Canaveral,4_bahamian_port_canaveral,"GOC,LPT",DD1581,Disney Dream,Flexible / Multiple Dates,4,BAHAMAS,Port Canaveral,Disney Lookout Cay at Lighthouse Point; Disney Castaway Cay,2546.46,USD,Standard
4-Night Bahamian Cruise from Port Canaveral,4_bahamian_port_canaveral,"GOC,LPT",WW0555,Disney Wish,Flexible / Multiple Dates,4,BAHAMAS,Port Canaveral,Disney Lookout Cay at Lighthouse Point; Disney Castaway Cay,2546.46,USD,Standard
4-Night Bahamian Cruise from Port Canaveral,4_bahamian_port_canaveral,"GOC,LPT",DD1593,Disney Dream,Flexible / Multiple Dates,4,BAHAMAS,Port Canaveral,Disney Lookout Cay at Lighthouse Point; Disney Castaway Cay,2546.46,USD,Standard
4-Night Bahamian Cruise from Port Canaveral,4_bahamian_port_canaveral,"GOC,LPT",DD1585,Disney Dream,Flexible / Multiple Dates,4,BAHAMAS,Port Canaveral,Disney Lookout Cay at Lighthouse Point; Disney Castaway Cay,2546.46,USD,Standard
4-Night Bahamian Cruise from Port Canaveral,4_bahamian_port_canaveral,"GOC,LPT",DD1589,Disney Dream,Flexible / Multiple Dates,4,BAHAMAS,Port Canaveral,Disney Lookout Cay at Lighthouse Point; Disney Castaway Cay,2546.46,USD,Standard
4-Night Bahamian Cruise from Port Canaveral,4_bahamian_port_canaveral,"GOC,LPT",WW0542,Disney Wish,Flexible / Multiple Dates,4,BAHAMAS,Port Canaveral,Disney Lookout Cay at Lighthouse Point; Disney Castaway Cay,2546.46,USD,Standard
4-Night Bahamian Cruise from Port Canaveral,4_bahamian_port_canaveral,"GOC,LPT",WW0650,Disney Wish,Flexible / Multiple Dates,4,BAHAMAS,Port Canaveral,Disney Lookout Cay at Lighthouse Point; Disney Castaway Cay,2546.46,USD,Standard
4-Night Bahamian Cruise from Port Canaveral,4_bahamian_port_canaveral,"GOC,LPT",WW0563,Disney Wish,Flexible / Multiple Dates,4,BAHAMAS,Port Canaveral,Disney Lookout Cay at Lighthouse Point; Disney Castaway Cay,2546.46,USD,Standard
4-Night Bahamian Cruise from Port Canaveral,4_bahamian_port_canaveral,"GOC,LPT",WW0567,Disney Wish,Flexible / Multiple Dates,4,BAHAMAS,Port Canaveral,Disney Lookout Cay at Lighthouse Point; Disney Castaway Cay,2546.46,USD,Standard
4-Night Bahamian Cruise from Port Canaveral,4_bahamian_port_canaveral,"GOC,LPT",DF0850,Disney Fantasy,Flexible / Multiple Dates,4,BAHAMAS,Port Canaveral,Disney Lookout Cay at Lighthouse Point; Disney Castaway Cay,2546.46,USD,Standard
4-Night Eastern Caribbean Cruise from Fort Lauderdale ending in San Juan,4_eastern_caribbean_fort_lauderdale_san_juan,"GOC,LPT,SJU",DD1566,Disney Dream,Flexible / Multiple Dates,4,CARIBBEAN,Fort Lauderdale,"Disney Castaway Cay; Disney Lookout Cay at Lighthouse Point; San Juan, Puerto Rico",2584.08,USD,Standard
6-Night Mexican Riviera Cruise from San Diego,6_mexican_riviera_san_diego,"CSL,ESE",DW2331,Disney Wonder,Flexible / Multiple Dates,6,MEXICAN RIVIERA,"Cabo San Lucas, Mexico","Cabo San Lucas, Mexico; Ensenada, Mexico",2605.52,USD,Standard
6-Night Mexican Riviera Cruise from San Diego,6_mexican_riviera_san_diego,"CSL,ESE",DW2254,Disney Wonder,Flexible / Multiple Dates,6,MEXICAN RIVIERA,"Cabo San Lucas, Mexico","Cabo San Lucas, Mexico; Ensenada, Mexico",2605.52,USD,Standard
4-Night Eastern Caribbean Cruise from San Juan ending in Port Canaveral,4_san_juan_port_canaveral,"GOC,LPT,PCV",WW0605,Disney Wish,Flexible / Multiple Dates,4,CARIBBEAN,San Juan,"Disney Lookout Cay at Lighthouse Point; Disney Castaway Cay; Port Canaveral, Florida",2621.88,USD,Standard
4-Night Eastern Caribbean Cruise from San Juan ending in Port Canaveral,4_san_juan_port_canaveral,"GOC,LPT,PCV",DD1568,Disney Dream,Flexible / Multiple Dates,4,CARIBBEAN,San Juan,"Disney Lookout Cay at Lighthouse Point; Disney Castaway Cay; Port Canaveral, Florida",2621.88,USD,Standard
5-Night Western Caribbean Cruise from Port Canaveral,5_western_caribbean_port_canaveral_merrytime,"CZM,GOC",DF0844,Disney Fantasy,Flexible / Multiple Dates,5,CARIBBEAN,Port Canaveral,"Disney Castaway Cay; Cozumel, Mexico",2684.26,USD,Very Merrytime (Holiday)
5-Night Western Caribbean Cruise from Port Canaveral,5_western_caribbean_port_canaveral_merrytime,"CZM,GOC",DF0841,Disney Fantasy,Flexible / Multiple Dates,5,CARIBBEAN,Port Canaveral,"Disney Castaway Cay; Cozumel, Mexico",2684.26,USD,Very Merrytime (Holiday)
5-Night Western Caribbean Cruise from Port Canaveral,5_western_caribbean_port_canaveral_merrytime,"CZM,GOC",WD0160,Disney Destiny,Flexible / Multiple Dates,5,CARIBBEAN,Port Canaveral,"Disney Castaway Cay; Cozumel, Mexico",2684.26,USD,Very Merrytime (Holiday)
5-Night Western Caribbean Cruise from Port Canaveral,5_western_caribbean_port_canaveral_merrytime,"CZM,GOC",DF0922,Disney Fantasy,Flexible / Multiple Dates,5,CARIBBEAN,Port Canaveral,"Disney Castaway Cay; Cozumel, Mexico",2684.26,USD,Very Merrytime (Holiday)
5-Night Western Caribbean Cruise from Port Canaveral,5_western_caribbean_port_canaveral_merrytime,"CZM,GOC",DF0847,Disney Fantasy,Flexible / Multiple Dates,5,CARIBBEAN,Port Canaveral,"Disney Castaway Cay; Cozumel, Mexico",2684.26,USD,Very Merrytime (Holiday)
5-Night Western Caribbean Cruise from Port Canaveral,5_western_caribbean_port_canaveral_merrytime,"CZM,GOC",WD0163,Disney Destiny,Flexible / Multiple Dates,5,CARIBBEAN,Port Canaveral,"Disney Castaway Cay; Cozumel, Mexico",2684.26,USD,Very Merrytime (Holiday)
5-Night Bahamian Cruise from Port Canaveral,5_bahamian_port_canaveral_merrytime,"GOC,LPT,NAS",DF0846,Disney Fantasy,Flexible / Multiple Dates,5,BAHAMAS,Port Canaveral,"Disney Castaway Cay; Disney Lookout Cay at Lighthouse Point; Nassau, Bahamas",2690.1,USD,Very Merrytime (Holiday)
5-Night Bahamian Cruise from Port Canaveral,5_bahamian_port_canaveral_merrytime,"GOC,LPT,NAS",DF0840,Disney Fantasy,Flexible / Multiple Dates,5,BAHAMAS,Port Canaveral,"Disney Castaway Cay; Disney Lookout Cay at Lighthouse Point; Nassau, Bahamas",2690.1,USD,Very Merrytime (Holiday)
5-Night Bahamian Cruise from Port Canaveral,5_bahamian_port_canaveral_merrytime,"GOC,LPT,NAS",DF0843,Disney Fantasy,Flexible / Multiple Dates,5,BAHAMAS,Port Canaveral,"Disney Castaway Cay; Disney Lookout Cay at Lighthouse Point; Nassau, Bahamas",2690.1,USD,Very Merrytime (Holiday)
5-Night Bahamian Cruise from Port Canaveral,5_bahamian_port_canaveral_merrytime,"GOC,LPT,NAS",WD0162,Disney Destiny,Flexible / Multiple Dates,5,BAHAMAS,Port Canaveral,"Disney Castaway Cay; Disney Lookout Cay at Lighthouse Point; Nassau, Bahamas",2690.1,USD,Very Merrytime (Holiday)
5-Night Eastern Caribbean Cruise from Port Canaveral ending San Juan,5_eastern_caribbean_port_canaveral_san_juan_merrytime,"GOC,LPT,SJU,STT",DF0924,Disney Fantasy,Flexible / Multiple Dates,5,CARIBBEAN,Port Canaveral,"Disney Castaway Cay; Disney Lookout Cay at Lighthouse Point; St. Thomas, U.S. Virgin Islands; San Juan, Puerto Rico",2703.9,USD,Very Merrytime (Holiday)
5-Night Eastern Caribbean Cruise from San Juan ending in Fort Lauderdale,5_eastern_caribbean_san_juan_fort_lauderdale_merrytime,"GOC,LPT,PEF,STT",DF0926,Disney Fantasy,Flexible / Multiple Dates,5,CARIBBEAN,"St. Thomas, U.S. Virgin Islands","St. Thomas, U.S. Virgin Islands; Disney Lookout Cay at Lighthouse Point; Disney Castaway Cay; Fort Lauderdale, Florida",2716.02,USD,Very Merrytime (Holiday)
5-Night Bahamian Cruise from Fort Lauderdale,5_bahamian_fort_lauderdale,"GOC,LPT,NAS",WD0076,Disney Destiny,Flexible / Multiple Dates,5,BAHAMAS,"Nassau, Bahamas","Nassau, Bahamas; Disney Lookout Cay at Lighthouse Point; Disney Castaway Cay",2744.7,USD,Standard
5-Night Bahamian Cruise from Fort Lauderdale,5_bahamian_fort_lauderdale,"GOC,LPT,NAS",WD0093,Disney Destiny,Flexible / Multiple Dates,5,BAHAMAS,"Nassau, Bahamas","Nassau, Bahamas; Disney Lookout Cay at Lighthouse Point; Disney Castaway Cay",2744.7,USD,Standard
5-Night Bahamian Cruise from Fort Lauderdale,5_bahamian_fort_lauderdale,"GOC,LPT,NAS",WD0153,Disney Destiny,Flexible / Multiple Dates,5,BAHAMAS,"Nassau, Bahamas","Nassau, Bahamas; Disney Lookout Cay at Lighthouse Point; Disney Castaway Cay",2744.7,USD,Standard
5-Night Bahamian Cruise from Fort Lauderdale,5_bahamian_fort_lauderdale,"GOC,LPT,NAS",WD0090,Disney Destiny,Flexible / Multiple Dates,5,BAHAMAS,"Nassau, Bahamas","Nassau, Bahamas; Disney Lookout Cay at Lighthouse Point; Disney Castaway Cay",2744.7,USD,Standard
5-Night Bahamian Cruise from Fort Lauderdale,5_bahamian_fort_lauderdale,"GOC,LPT,NAS",WD0152,Disney Destiny,Flexible / Multiple Dates,5,BAHAMAS,"Nassau, Bahamas","Nassau, Bahamas; Disney Lookout Cay at Lighthouse Point; Disney Castaway Cay",2744.7,USD,Standard
5-Night Bahamian Cruise from Fort Lauderdale,5_bahamian_fort_lauderdale,"GOC,LPT,NAS",WD0113,Disney Destiny,Flexible / Multiple Dates,5,BAHAMAS,"Nassau, Bahamas","Nassau, Bahamas; Disney Lookout Cay at Lighthouse Point; Disney Castaway Cay",2744.7,USD,Standard
5-Night Bahamian Cruise from Fort Lauderdale,5_bahamian_fort_lauderdale,"GOC,LPT,NAS",WD0098,Disney Destiny,Flexible / Multiple Dates,5,BAHAMAS,"Nassau, Bahamas","Nassau, Bahamas; Disney Lookout Cay at Lighthouse Point; Disney Castaway Cay",2744.7,USD,Standard
5-Night Bahamian Cruise from Fort Lauderdale,5_bahamian_fort_lauderdale,"GOC,LPT,NAS",DD1540,Disney Dream,Flexible / Multiple Dates,5,BAHAMAS,"Nassau, Bahamas","Nassau, Bahamas; Disney Lookout Cay at Lighthouse Point; Disney Castaway Cay",2744.7,USD,Standard
5-Night Bahamian Cruise from Fort Lauderdale,5_bahamian_fort_lauderdale,"GOC,LPT,NAS",WD0107,Disney Destiny,Flexible / Multiple Dates,5,BAHAMAS,"Nassau, Bahamas","Nassau, Bahamas; Disney Lookout Cay at Lighthouse Point; Disney Castaway Cay",2744.7,USD,Standard
5-Night Bahamian Cruise from Fort Lauderdale,5_bahamian_fort_lauderdale,"GOC,LPT,NAS",WD0116,Disney Destiny,Flexible / Multiple Dates,5,BAHAMAS,"Nassau, Bahamas","Nassau, Bahamas; Disney Lookout Cay at Lighthouse Point; Disney Castaway Cay",2744.7,USD,Standard
5-Night Bahamian Cruise from Fort Lauderdale,5_bahamian_fort_lauderdale,"GOC,LPT,NAS",WD0101,Disney Destiny,Flexible / Multiple Dates,5,BAHAMAS,"Nassau, Bahamas","Nassau, Bahamas; Disney Lookout Cay at Lighthouse Point; Disney Castaway Cay",2744.7,USD,Standard
5-Night Bahamian Cruise from Fort Lauderdale,5_bahamian_fort_lauderdale,"GOC,LPT,NAS",WD0119,Disney Destiny,Flexible / Multiple Dates,5,BAHAMAS,"Nassau, Bahamas","Nassau, Bahamas; Disney Lookout Cay at Lighthouse Point; Disney Castaway Cay",2744.7,USD,Standard
5-Night Bahamian Cruise from Fort Lauderdale,5_bahamian_fort_lauderdale,"GOC,LPT,NAS",WD0104,Disney Destiny,Flexible / Multiple Dates,5,BAHAMAS,"Nassau, Bahamas","Nassau, Bahamas; Disney Lookout Cay at Lighthouse Point; Disney Castaway Cay",2744.7,USD,Standard
5-Night Bahamian Cruise from Fort Lauderdale,5_bahamian_fort_lauderdale,"GOC,LPT,NAS",WD0122,Disney Destiny,Flexible / Multiple Dates,5,BAHAMAS,"Nassau, Bahamas","Nassau, Bahamas; Disney Lookout Cay at Lighthouse Point; Disney Castaway Cay",2744.7,USD,Standard
5-Night Bahamian Cruise from Fort Lauderdale,5_bahamian_fort_lauderdale,"GOC,LPT,NAS",WD0127,Disney Destiny,Flexible / Multiple Dates,5,BAHAMAS,"Nassau, Bahamas","Nassau, Bahamas; Disney Lookout Cay at Lighthouse Point; Disney Castaway Cay",2744.7,USD,Standard
5-Night Bahamian Cruise from Fort Lauderdale,5_bahamian_fort_lauderdale_merrytime,"GOC,LPT,NAS",WD0082,Disney Destiny,Flexible / Multiple Dates,5,BAHAMAS,Fort Lauderdale,"Disney Lookout Cay at Lighthouse Point; Disney Castaway Cay; Nassau, Bahamas",2814.7,USD,Very Merrytime (Holiday)
5-Night Bahamian Cruise from Fort Lauderdale,5_bahamian_fort_lauderdale_merrytime,"GOC,LPT,NAS",WD0079,Disney Destiny,Flexible / Multiple Dates,5,BAHAMAS,Fort Lauderdale,"Disney Lookout Cay at Lighthouse Point; Disney Castaway Cay; Nassau, Bahamas",2814.7,USD,Very Merrytime (Holiday)
5-Night Bahamian Cruise from Fort Lauderdale,5_bahamian_fort_lauderdale_merrytime,"GOC,LPT,NAS",DD1631,Disney Dream,Flexible / Multiple Dates,5,BAHAMAS,Fort Lauderdale,"Disney Lookout Cay at Lighthouse Point; Disney Castaway Cay; Nassau, Bahamas",2814.7,USD,Very Merrytime (Holiday)
5-Night Bahamian Cruise from Fort Lauderdale,5_bahamian_fort_lauderdale_merrytime,"GOC,LPT,NAS",WD0155,Disney Destiny,Flexible / Multiple Dates,5,BAHAMAS,Fort Lauderdale,"Disney Lookout Cay at Lighthouse Point; Disney Castaway Cay; Nassau, Bahamas",2814.7,USD,Very Merrytime (Holiday)
5-Night Western Caribbean Cruise from Port Canaveral,5_western_caribbean_port_canaveral,"CZM,GOC",DF0904,Disney Fantasy,Flexible / Multiple Dates,5,CARIBBEAN,Port Canaveral,"Disney Castaway Cay; Cozumel, Mexico",2829.94,USD,Standard
5-Night Western Caribbean Cruise from Port Canaveral,5_western_caribbean_port_canaveral,"CZM,GOC",DF0907,Disney Fantasy,Flexible / Multiple Dates,5,CARIBBEAN,Port Canaveral,"Disney Castaway Cay; Cozumel, Mexico",2829.94,USD,Standard
5-Night Western Caribbean Cruise from Port Canaveral,5_western_caribbean_port_canaveral,"CZM,GOC",DF0919,Disney Fantasy,Flexible / Multiple Dates,5,CARIBBEAN,Port Canaveral,"Disney Castaway Cay; Cozumel, Mexico",2829.94,USD,Standard
5-Night Western Caribbean Cruise from Port Canaveral,5_western_caribbean_port_canaveral,"CZM,GOC",DF0898,Disney Fantasy,Flexible / Multiple Dates,5,CARIBBEAN,Port Canaveral,"Disney Castaway Cay; Cozumel, Mexico",2829.94,USD,Standard
5-Night Western Caribbean Cruise from Port Canaveral,5_western_caribbean_port_canaveral,"CZM,GOC",DF0890,Disney Fantasy,Flexible / Multiple Dates,5,CARIBBEAN,Port Canaveral,"Disney Castaway Cay; Cozumel, Mexico",2829.94,USD,Standard
5-Night Western Caribbean from Port Canaveral,5_western_caribbean_port_canaveral_pdas,"CZM,GOC",DF0857,Disney Fantasy,Flexible / Multiple Dates,5,CARIBBEAN,Port Canaveral,"Disney Castaway Cay; Cozumel, Mexico",2999.26,USD,Pixar Day at Sea
3-Night Bahamian Cruise from Fort Lauderdale,3_bahamian_fort_lauderdale,"GOC,NAS",DD1639,Disney Dream,Flexible / Multiple Dates,3,BAHAMAS,Fort Lauderdale,"Disney Castaway Cay; Nassau, Bahamas",3027.64,USD,Standard
7-Night Bahamian Cruise from Galveston,7_bahamian_galveston,"GOC,LPT",DM1837,Disney Magic,Flexible / Multiple Dates,7,BAHAMAS,Galveston,Disney Lookout Cay at Lighthouse Point; Disney Castaway Cay,3092.52,USD,Standard
7-Night Bahamian Cruise from Galveston,7_bahamian_galveston,"GOC,LPT",DM1832,Disney Magic,Flexible / Multiple Dates,7,BAHAMAS,Galveston,Disney Lookout Cay at Lighthouse Point; Disney Castaway Cay,3092.52,USD,Standard
7-Night Mexican Riviera Cruise from San Diego,7_mexican_riviera,"CSL,ESE,MZT",DW2279,Disney Wonder,Flexible / Multiple Dates,7,MEXICAN RIVIERA,"Ensenada, Mexico","Ensenada, Mexico; Cabo San Lucas, Mexico; Mazatlán, Mexico",3102.04,USD,Standard
7-Night Mexican Riviera Cruise from San Diego,7_mexican_riviera,"CSL,ESE,PVR",DW2312,Disney Wonder,Flexible / Multiple Dates,7,MEXICAN RIVIERA,"Ensenada, Mexico","Ensenada, Mexico; Cabo San Lucas, Mexico; Puerto Vallarta, Mexico",3102.72,USD,Standard
7-Night Mexican Riviera Cruise from San Diego,7_mexican_riviera,"CSL,ESE,PVR",DW2253,Disney Wonder,Flexible / Multiple Dates,7,MEXICAN RIVIERA,"Ensenada, Mexico","Ensenada, Mexico; Cabo San Lucas, Mexico; Puerto Vallarta, Mexico",3102.72,USD,Standard
7-Night Mexican Riviera Cruise from San Diego,7_mexican_riviera,"CSL,ESE,PVR",DW2234,Disney Wonder,Flexible / Multiple Dates,7,MEXICAN RIVIERA,"Ensenada, Mexico","Ensenada, Mexico; Cabo San Lucas, Mexico; Puerto Vallarta, Mexico",3102.72,USD,Standard
7-Night Mexican Riviera Cruise from San Diego,7_mexican_riviera,"CSL,ESE,PVR",DW2305,Disney Wonder,Flexible / Multiple Dates,7,MEXICAN RIVIERA,"Ensenada, Mexico","Ensenada, Mexico; Cabo San Lucas, Mexico; Puerto Vallarta, Mexico",3102.72,USD,Standard
7-Night Mexican Riviera Cruise from San Diego,7_mexican_riviera,"CSL,ESE,PVR",DW2317,Disney Wonder,Flexible / Multiple Dates,7,MEXICAN RIVIERA,"Ensenada, Mexico","Ensenada, Mexico; Cabo San Lucas, Mexico; Puerto Vallarta, Mexico",3102.72,USD,Standard
7-Night Mexican Riviera Cruise from San Diego,7_mexican_riviera,"CSL,ESE,PVR",DW2243,Disney Wonder,Flexible / Multiple Dates,7,MEXICAN RIVIERA,"Ensenada, Mexico","Ensenada, Mexico; Cabo San Lucas, Mexico; Puerto Vallarta, Mexico",3102.72,USD,Standard
4-Night Bahamian Cruise from Port Canaveral,4_bahamian_port_canaveral_merrytime,"LPT,NAS",WW0610,Disney Wish,Flexible / Multiple Dates,4,BAHAMAS,"Nassau, Bahamas","Nassau, Bahamas; Disney Lookout Cay at Lighthouse Point",3125.74,USD,Very Merrytime (Holiday)
5-Night Western Caribbean Cruise from Port Canaveral,5_western_caribbean_port_canaveral_halloween,"CZM,GOC",DF0832,Disney Fantasy,Flexible / Multiple Dates,5,CARIBBEAN,Port Canaveral,"Disney Castaway Cay; Cozumel, Mexico",3144.26,USD,Halloween on the High Seas
7-Night Bahamian Cruise from Galveston,7_bahamian_galveston_mdas,"GOC,NAS",DM1774,Disney Magic,Flexible / Multiple Dates,7,BAHAMAS,"Nassau, Bahamas","Nassau, Bahamas; Disney Castaway Cay",3145.72,USD,Marvel Day at Sea
7-Night Bahamian Cruise from Galveston,7_bahamian_galveston_mdas,"GOC,NAS",DM1775,Disney Magic,Flexible / Multiple Dates,7,BAHAMAS,"Nassau, Bahamas","Nassau, Bahamas; Disney Castaway Cay",3145.72,USD,Marvel Day at Sea
3-Night Bahamian Cruise from Fort Lauderdale,3_bahamian_fort_lauderdale_merrytime,LPT,DD1638,Disney Dream,Flexible / Multiple Dates,3,BAHAMAS,Fort Lauderdale,Disney Lookout Cay at Lighthouse Point,3154.26,USD,Very Merrytime (Holiday)
7-Night Eastern Caribbean Cruise from Fort Lauderdale,7_eastern_caribbean_fort_lauderdale,"LPT,SJU,TOV",DD1545,Disney Dream,Flexible / Multiple Dates,7,CARIBBEAN,Fort Lauderdale,"Disney Lookout Cay at Lighthouse Point; San Juan, Puerto Rico; Tortola, British Virgin Islands",3182.48,USD,Standard
7-Night Eastern Caribbean Cruise from Fort Lauderdale,7_eastern_caribbean_fort_lauderdale,"LPT,SJU,TOV",DD1539,Disney Dream,Flexible / Multiple Dates,7,CARIBBEAN,Fort Lauderdale,"Disney Lookout Cay at Lighthouse Point; San Juan, Puerto Rico; Tortola, British Virgin Islands",3182.48,USD,Standard
7-Night Mexican Riviera Cruise from San Diego,7_mexican_riviera_san_diego_merrytime,"CSL,ESE,PVR",DW2295,Disney Wonder,Flexible / Multiple Dates,7,MEXICAN RIVIERA,"Ensenada, Mexico","Ensenada, Mexico; Cabo San Lucas, Mexico; Puerto Vallarta, Mexico",3189.98,USD,Very Merrytime (Holiday)
7-Night Mexican Riviera Cruise from San Diego,7_mexican_riviera_san_diego_merrytime,"CSL,ESE,PVR",DW2223,Disney Wonder,Flexible / Multiple Dates,7,MEXICAN RIVIERA,"Ensenada, Mexico","Ensenada, Mexico; Cabo San Lucas, Mexico; Puerto Vallarta, Mexico",3189.98,USD,Very Merrytime (Holiday)
5-Night Bahamian Cruise from Port Canaveral,5_bahamian_port_canaveral_pixar,"GOC,LPT",DF0856,Disney Fantasy,Flexible / Multiple Dates,5,BAHAMAS,Port Canaveral,Disney Castaway Cay; Disney Lookout Cay at Lighthouse Point,3210.88,USD,Pixar Day at Sea
6-Night Eastern Caribbean Cruise from San Juan ending in Port Canaveral,6_eastern_caribbean_san_juan_port_canaveral,"GOC,LPT,PCV,STT,SXM",DF0952,Disney Fantasy,Flexible / Multiple Dates,6,CARIBBEAN,"Philipsburg, St. Maarten","Philipsburg, St. Maarten; St. Thomas, U.S. Virgin Islands; Disney Lookout Cay at Lighthouse Point; Disney Castaway Cay; Port Canaveral, Florida",3225.64,USD,Standard
6-Night Bahamian Cruise from Fort Lauderdale,6_bahamian_fort_lauderdale,"GOC,LPT,NAS",DF0930,Disney Fantasy,Flexible / Multiple Dates,6,BAHAMAS,Fort Lauderdale,"Disney Lookout Cay at Lighthouse Point; Disney Castaway Cay; Disney Lookout Cay at Lighthouse Point; Nassau, Bahamas",3248.32,USD,Standard
6-Night Eastern Caribbean Cruise from Fort Lauderdale,6_eastern_caribbean_fort_lauderdale,"GOC,LPT,POP",DF0933,Disney Fantasy,Flexible / Multiple Dates,6,CARIBBEAN,Fort Lauderdale,"Disney Castaway Cay; Disney Lookout Cay at Lighthouse Point; Puerto Plata, Dominican Republic",3269.34,USD,Standard
6-Night Eastern Caribbean Cruise from Fort Lauderdale,6_eastern_caribbean_fort_lauderdale,"GOC,LPT,POP",DF0938,Disney Fantasy,Flexible / Multiple Dates,6,CARIBBEAN,Fort Lauderdale,"Disney Castaway Cay; Disney Lookout Cay at Lighthouse Point; Puerto Plata, Dominican Republic",3269.34,USD,Standard
6-Night Eastern Caribbean Cruise from Fort Lauderdale,6_eastern_caribbean_fort_lauderdale,"GOC,LPT,POP",DF0943,Disney Fantasy,Flexible / Multiple Dates,6,CARIBBEAN,Fort Lauderdale,"Disney Castaway Cay; Disney Lookout Cay at Lighthouse Point; Puerto Plata, Dominican Republic",3269.34,USD,Standard
6-Night Eastern Caribbean Cruise from Fort Lauderdale,6_eastern_caribbean_fort_lauderdale,"GOC,LPT,POP",DF0947,Disney Fantasy,Flexible / Multiple Dates,6,CARIBBEAN,Fort Lauderdale,"Disney Castaway Cay; Disney Lookout Cay at Lighthouse Point; Puerto Plata, Dominican Republic",3269.34,USD,Standard
6-Night Eastern Caribbean Cruise from Fort Lauderdale ending San Juan,6_eastern_caribbean_fort_lauderdale_san_juan,"GOC,LPT,SJU,STT,SXM",DF0949,Disney Fantasy,Flexible / Multiple Dates,6,CARIBBEAN,Fort Lauderdale,"Disney Castaway Cay; Disney Lookout Cay at Lighthouse Point; St. Thomas, U.S. Virgin Islands; Philipsburg, St. Maarten; San Juan, Puerto Rico",3298.62,USD,Standard
5-Night Bahamian Cruise from Port Canaveral,5_bahamian_port_canaveral_pixar,"GOC,LPT,NAS",DF0862,Disney Fantasy,Flexible / Multiple Dates,5,BAHAMAS,"Nassau, Bahamas","Nassau, Bahamas; Disney Castaway Cay; Disney Lookout Cay at Lighthouse Point",3327.1,USD,Pixar Day at Sea
5-Night Bahamian Cruise from Port Canaveral,5_bahamian_port_canaveral_pixar,"GOC,LPT,NAS",DF0872,Disney Fantasy,Flexible / Multiple Dates,5,BAHAMAS,"Nassau, Bahamas","Nassau, Bahamas; Disney Castaway Cay; Disney Lookout Cay at Lighthouse Point",3327.1,USD,Pixar Day at Sea
5-Night Bahamian Cruise from Port Canaveral,5_bahamian_port_canaveral_pixar,"GOC,LPT,NAS",DF0875,Disney Fantasy,Flexible / Multiple Dates,5,BAHAMAS,"Nassau, Bahamas","Nassau, Bahamas; Disney Castaway Cay; Disney Lookout Cay at Lighthouse Point",3327.1,USD,Pixar Day at Sea
5-Night Bahamian Cruise from Port Canaveral,5_bahamian_port_canaveral_pixar,"GOC,LPT,NAS",DF0874,Disney Fantasy,Flexible / Multiple Dates,5,BAHAMAS,"Nassau, Bahamas","Nassau, Bahamas; Disney Castaway Cay; Disney Lookout Cay at Lighthouse Point",3327.1,USD,Pixar Day at Sea
5-Night Bahamian Cruise from Port Canaveral,5_bahamian_port_canaveral_pixar,"GOC,LPT,NAS",DF0859,Disney Fantasy,Flexible / Multiple Dates,5,BAHAMAS,"Nassau, Bahamas","Nassau, Bahamas; Disney Castaway Cay; Disney Lookout Cay at Lighthouse Point",3327.1,USD,Pixar Day at Sea
5-Night Bahamian Cruise from Port Canaveral,5_bahamian_port_canaveral_pixar,"GOC,LPT,NAS",DF0860,Disney Fantasy,Flexible / Multiple Dates,5,BAHAMAS,"Nassau, Bahamas","Nassau, Bahamas; Disney Castaway Cay; Disney Lookout Cay at Lighthouse Point",3327.1,USD,Pixar Day at Sea
5-Night Bahamian Cruise from Port Canaveral,5_bahamian_port_canaveral_pixar,"GOC,LPT,NAS",DF0871,Disney Fantasy,Flexible / Multiple Dates,5,BAHAMAS,"Nassau, Bahamas","Nassau, Bahamas; Disney Castaway Cay; Disney Lookout Cay at Lighthouse Point",3327.1,USD,Pixar Day at Sea
3-Night Belgium Cruise from Southampton,3_belgium_southampton,ZEE,WW0590,Disney Wish,Flexible / Multiple Dates,3,EUROPE,"Zeebrugge (Brussels), Belgium","Zeebrugge (Brussels), Belgium",3350.0,USD,Standard
3-Night Northern Europe Cruise from Southampton,3_northern_europe_southampton,RTM,WW0592,Disney Wish,Flexible / Multiple Dates,3,EUROPE,"Rotterdam (Amsterdam), Netherlands","Rotterdam (Amsterdam), Netherlands",3362.84,USD,Standard
7-Night Alaskan Cruise from Vancouver,7_alaskan_vancouver,"DAW,ISP,KTN,SGY",DM1795,Disney Magic,Flexible / Multiple Dates,7,ALASKA,"Glacier Viewing (Stikine Icecap), Alaska","Glacier Viewing (Stikine Icecap), Alaska; Skagway, Alaska; Icy Strait Point, Alaska; Ketchikan, Alaska",3395.34,USD,Standard
7-Night Alaskan Cruise from Vancouver,7_alaskan_vancouver,"DAW,ISP,KTN,SGY",DM1794,Disney Magic,Flexible / Multiple Dates,7,ALASKA,"Glacier Viewing (Stikine Icecap), Alaska","Glacier Viewing (Stikine Icecap), Alaska; Skagway, Alaska; Icy Strait Point, Alaska; Ketchikan, Alaska",3395.34,USD,Standard
7-Night Alaskan Cruise from Vancouver,7_alaskan_vancouver,"DAW,ISP,KTN,SGY",DM1810,Disney Magic,Flexible / Multiple Dates,7,ALASKA,"Glacier Viewing (Stikine Icecap), Alaska","Glacier Viewing (Stikine Icecap), Alaska; Skagway, Alaska; Icy Strait Point, Alaska; Ketchikan, Alaska",3395.34,USD,Standard
7-Night Alaskan Cruise from Vancouver,7_alaskan_vancouver,"DAW,ISP,KTN,SGY",DM1809,Disney Magic,Flexible / Multiple Dates,7,ALASKA,"Glacier Viewing (Stikine Icecap), Alaska","Glacier Viewing (Stikine Icecap), Alaska; Skagway, Alaska; Icy Strait Point, Alaska; Ketchikan, Alaska",3395.34,USD,Standard
7-Night Alaskan Cruise from Vancouver,7_alaskan_vancouver,"DAW,ISP,KTN,SGY",DM1811,Disney Magic,Flexible / Multiple Dates,7,ALASKA,"Glacier Viewing (Stikine Icecap), Alaska","Glacier Viewing (Stikine Icecap), Alaska; Skagway, Alaska; Icy Strait Point, Alaska; Ketchikan, Alaska",3395.34,USD,Standard
7-Night Alaskan Cruise from Vancouver,7_alaskan_vancouver,"DAW,ISP,KTN,SGY",DM1796,Disney Magic,Flexible / Multiple Dates,7,ALASKA,"Glacier Viewing (Stikine Icecap), Alaska","Glacier Viewing (Stikine Icecap), Alaska; Skagway, Alaska; Icy Strait Point, Alaska; Ketchikan, Alaska",3395.34,USD,Standard
7-Night Alaskan Cruise from Vancouver,7_alaskan_vancouver,"DAW,ISP,KTN,SGY",DM1808,Disney Magic,Flexible / Multiple Dates,7,ALASKA,"Glacier Viewing (Stikine Icecap), Alaska","Glacier Viewing (Stikine Icecap), Alaska; Skagway, Alaska; Icy Strait Point, Alaska; Ketchikan, Alaska",3395.34,USD,Standard
7-Night Alaskan Cruise from Vancouver,7_alaskan_vancouver,"DAW,ISP,KTN,SGY",DM1807,Disney Magic,Flexible / Multiple Dates,7,ALASKA,"Glacier Viewing (Stikine Icecap), Alaska","Glacier Viewing (Stikine Icecap), Alaska; Skagway, Alaska; Icy Strait Point, Alaska; Ketchikan, Alaska",3395.34,USD,Standard
7-Night Alaskan Cruise from Vancouver,7_alaskan_vancouver,"DAW,ISP,KTN,SGY",DM1801,Disney Magic,Flexible / Multiple Dates,7,ALASKA,"Glacier Viewing (Stikine Icecap), Alaska","Glacier Viewing (Stikine Icecap), Alaska; Skagway, Alaska; Icy Strait Point, Alaska; Ketchikan, Alaska",3395.34,USD,Standard
7-Night Alaskan Cruise from Vancouver,7_alaskan_vancouver,"DAW,ISP,KTN,SGY",DM1797,Disney Magic,Flexible / Multiple Dates,7,ALASKA,"Glacier Viewing (Stikine Icecap), Alaska","Glacier Viewing (Stikine Icecap), Alaska; Skagway, Alaska; Icy Strait Point, Alaska; Ketchikan, Alaska",3395.34,USD,Standard
7-Night Alaskan Cruise from Vancouver,7_alaskan_vancouver,"DAW,ISP,KTN,SGY",DM1806,Disney Magic,Flexible / Multiple Dates,7,ALASKA,"Glacier Viewing (Stikine Icecap), Alaska","Glacier Viewing (Stikine Icecap), Alaska; Skagway, Alaska; Icy Strait Point, Alaska; Ketchikan, Alaska",3395.34,USD,Standard
7-Night Alaskan Cruise from Vancouver,7_alaskan_vancouver,"DAW,ISP,KTN,SGY",DM1798,Disney Magic,Flexible / Multiple Dates,7,ALASKA,"Glacier Viewing (Stikine Icecap), Alaska","Glacier Viewing (Stikine Icecap), Alaska; Skagway, Alaska; Icy Strait Point, Alaska; Ketchikan, Alaska",3395.34,USD,Standard
7-Night Alaskan Cruise from Vancouver,7_alaskan_vancouver,"DAW,ISP,KTN,SGY",DM1800,Disney Magic,Flexible / Multiple Dates,7,ALASKA,"Glacier Viewing (Stikine Icecap), Alaska","Glacier Viewing (Stikine Icecap), Alaska; Skagway, Alaska; Icy Strait Point, Alaska; Ketchikan, Alaska",3395.34,USD,Standard
7-Night Alaskan Cruise from Vancouver,7_alaskan_vancouver,"DAW,ISP,KTN,SGY",DM1799,Disney Magic,Flexible / Multiple Dates,7,ALASKA,"Glacier Viewing (Stikine Icecap), Alaska","Glacier Viewing (Stikine Icecap), Alaska; Skagway, Alaska; Icy Strait Point, Alaska; Ketchikan, Alaska",3395.34,USD,Standard
7-Night Alaskan Cruise from Vancouver,7_alaskan_vancouver,"DAW,ISP,KTN,SGY",DM1803,Disney Magic,Flexible / Multiple Dates,7,ALASKA,"Glacier Viewing (Stikine Icecap), Alaska","Glacier Viewing (Stikine Icecap), Alaska; Skagway, Alaska; Icy Strait Point, Alaska; Ketchikan, Alaska",3395.34,USD,Standard
7-Night Alaskan Cruise from Vancouver,7_alaskan_vancouver,"DAW,ISP,KTN,SGY",DM1802,Disney Magic,Flexible / Multiple Dates,7,ALASKA,"Glacier Viewing (Stikine Icecap), Alaska","Glacier Viewing (Stikine Icecap), Alaska; Skagway, Alaska; Icy Strait Point, Alaska; Ketchikan, Alaska",3395.34,USD,Standard
5-Night Bahamian Cruise from Fort Lauderdale,5_bahamian_fort_lauderdale_halloween,"GOC,LPT,NAS",WD0149,Disney Destiny,Flexible / Multiple Dates,5,BAHAMAS,"Nassau, Bahamas","Nassau, Bahamas; Disney Castaway Cay; Disney Lookout Cay at Lighthouse Point",3423.34,USD,Halloween on the High Seas
5-Night Bahamian Cruise from Fort Lauderdale,5_bahamian_fort_lauderdale_halloween,"GOC,LPT,NAS",WD0143,Disney Destiny,Flexible / Multiple Dates,5,BAHAMAS,"Nassau, Bahamas","Nassau, Bahamas; Disney Castaway Cay; Disney Lookout Cay at Lighthouse Point",3423.34,USD,Halloween on the High Seas
5-Night Bahamian Cruise from Fort Lauderdale,5_bahamian_fort_lauderdale_halloween,"GOC,LPT,NAS",WD0146,Disney Destiny,Flexible / Multiple Dates,5,BAHAMAS,"Nassau, Bahamas","Nassau, Bahamas; Disney Castaway Cay; Disney Lookout Cay at Lighthouse Point",3423.34,USD,Halloween on the High Seas
7-Night Western Caribbean Cruise from Port Canaveral,7_western_caribbean_port_canaveral_halloween,"CZM,FMH,GEC,GOC",WT0098,Disney Treasure,Flexible / Multiple Dates,7,CARIBBEAN,"Cozumel, Mexico","Cozumel, Mexico; George Town, Grand Cayman; Falmouth, Jamaica; Disney Castaway Cay",3439.84,USD,Halloween on the High Seas
7-Night Western Caribbean Cruise from Port Canaveral,7_western_caribbean_port_canaveral_halloween,"CZM,FMH,GEC,GOC",WT0096,Disney Treasure,Flexible / Multiple Dates,7,CARIBBEAN,"Cozumel, Mexico","Cozumel, Mexico; George Town, Grand Cayman; Falmouth, Jamaica; Disney Castaway Cay",3439.84,USD,Halloween on the High Seas
7-Night Western Caribbean Cruise from Port Canaveral,7_western_caribbean_port_canaveral_halloween,"CZM,FMH,GEC,GOC",WT0144,Disney Treasure,Flexible / Multiple Dates,7,CARIBBEAN,"Cozumel, Mexico","Cozumel, Mexico; George Town, Grand Cayman; Falmouth, Jamaica; Disney Castaway Cay",3439.84,USD,Halloween on the High Seas
7-Night Western Caribbean Cruise from Port Canaveral,7_western_caribbean_port_canaveral_halloween,"CZM,FMH,GEC,GOC",WT0150,Disney Treasure,Flexible / Multiple Dates,7,CARIBBEAN,"Cozumel, Mexico","Cozumel, Mexico; George Town, Grand Cayman; Falmouth, Jamaica; Disney Castaway Cay",3439.84,USD,Halloween on the High Seas
7-Night Western Caribbean Cruise from Port Canaveral,7_western_caribbean_port_canaveral_halloween,"CZM,FMH,GEC,GOC",WT0148,Disney Treasure,Flexible / Multiple Dates,7,CARIBBEAN,"Cozumel, Mexico","Cozumel, Mexico; George Town, Grand Cayman; Falmouth, Jamaica; Disney Castaway Cay",3439.84,USD,Halloween on the High Seas
7-Night Western Caribbean Cruise from Port Canaveral,7_western_caribbean_port_canaveral_halloween,"CZM,FMH,GEC,GOC",WT0146,Disney Treasure,Flexible / Multiple Dates,7,CARIBBEAN,"Cozumel, Mexico","Cozumel, Mexico; George Town, Grand Cayman; Falmouth, Jamaica; Disney Castaway Cay",3439.84,USD,Halloween on the High Seas
7-Night Western Caribbean Cruise from Fort Lauderdale,7_western_caribbean_fort_lauderdale_halloween,"CZM,FMH,GEC,LPT",WD0072,Disney Destiny,Flexible / Multiple Dates,7,CARIBBEAN,Fort Lauderdale,"Disney Lookout Cay at Lighthouse Point; Falmouth, Jamaica; George Town, Grand Cayman; Cozumel, Mexico",3537.98,USD,Halloween on the High Seas
7-Night Western Caribbean Cruise from Port Canaveral,7_western_caribbean_port_canaveral,"CZM,FMH,GEC,GOC",WT0108,Disney Treasure,Flexible / Multiple Dates,7,CARIBBEAN,"Cozumel, Mexico","Cozumel, Mexico; George Town, Grand Cayman; Falmouth, Jamaica; Disney Castaway Cay",3541.68,USD,Standard
7-Night Western Caribbean Cruise from Port Canaveral,7_western_caribbean_port_canaveral,"CZM,FMH,GEC,GOC",WT0116,Disney Treasure,Flexible / Multiple Dates,7,CARIBBEAN,"Cozumel, Mexico","Cozumel, Mexico; George Town, Grand Cayman; Falmouth, Jamaica; Disney Castaway Cay",3541.68,USD,Standard
7-Night Western Caribbean Cruise from Port Canaveral,7_western_caribbean_port_canaveral,"CZM,FMH,GEC,GOC",WT0142,Disney Treasure,Flexible / Multiple Dates,7,CARIBBEAN,"Cozumel, Mexico","Cozumel, Mexico; George Town, Grand Cayman; Falmouth, Jamaica; Disney Castaway Cay",3541.68,USD,Standard
7-Night Western Caribbean Cruise from Port Canaveral,7_western_caribbean_port_canaveral,"CZM,FMH,GEC,GOC",WT0140,Disney Treasure,Flexible / Multiple Dates,7,CARIBBEAN,"Cozumel, Mexico","Cozumel, Mexico; George Town, Grand Cayman; Falmouth, Jamaica; Disney Castaway Cay",3541.68,USD,Standard
7-Night Western Caribbean Cruise from Port Canaveral,7_western_caribbean_port_canaveral,"CZM,FMH,GEC,GOC",WT0110,Disney Treasure,Flexible / Multiple Dates,7,CARIBBEAN,"Cozumel, Mexico","Cozumel, Mexico; George Town, Grand Cayman; Falmouth, Jamaica; Disney Castaway Cay",3541.68,USD,Standard
7-Night Western Caribbean Cruise from Port Canaveral,7_western_caribbean_port_canaveral,"CZM,FMH,GEC,GOC",WT0164,Disney Treasure,Flexible / Multiple Dates,7,CARIBBEAN,"Cozumel, Mexico","Cozumel, Mexico; George Town, Grand Cayman; Falmouth, Jamaica; Disney Castaway Cay",3541.68,USD,Standard
7-Night Western Caribbean Cruise from Port Canaveral,7_western_caribbean_port_canaveral,"CZM,FMH,GEC,GOC",WT0112,Disney Treasure,Flexible / Multiple Dates,7,CARIBBEAN,"Cozumel, Mexico","Cozumel, Mexico; George Town, Grand Cayman; Falmouth, Jamaica; Disney Castaway Cay",3541.68,USD,Standard
7-Night Western Caribbean Cruise from Port Canaveral,7_western_caribbean_port_canaveral,"CZM,FMH,GEC,GOC",WT0162,Disney Treasure,Flexible / Multiple Dates,7,CARIBBEAN,"Cozumel, Mexico","Cozumel, Mexico; George Town, Grand Cayman; Falmouth, Jamaica; Disney Castaway Cay",3541.68,USD,Standard
7-Night Western Caribbean Cruise from Port Canaveral,7_western_caribbean_port_canaveral,"CZM,FMH,GEC,GOC",WT0114,Disney Treasure,Flexible / Multiple Dates,7,CARIBBEAN,"Cozumel, Mexico","Cozumel, Mexico; George Town, Grand Cayman; Falmouth, Jamaica; Disney Castaway Cay",3541.68,USD,Standard
7-Night Western Caribbean Cruise from Port Canaveral,7_western_caribbean_port_canaveral,"CZM,FMH,GEC,GOC",WT0124,Disney Treasure,Flexible / Multiple Dates,7,CARIBBEAN,"Cozumel, Mexico","Cozumel, Mexico; George Town, Grand Cayman; Falmouth, Jamaica; Disney Castaway Cay",3541.68,USD,Standard
7-Night Western Caribbean Cruise from Port Canaveral,7_western_caribbean_port_canaveral,"CZM,FMH,GEC,GOC",WT0176,Disney Treasure,Flexible / Multiple Dates,7,CARIBBEAN,"Cozumel, Mexico","Cozumel, Mexico; George Town, Grand Cayman; Falmouth, Jamaica; Disney Castaway Cay",3541.68,USD,Standard
7-Night Western Caribbean Cruise from Port Canaveral,7_western_caribbean_port_canaveral,"CZM,FMH,GEC,GOC",WT0138,Disney Treasure,Flexible / Multiple Dates,7,CARIBBEAN,"Cozumel, Mexico","Cozumel, Mexico; George Town, Grand Cayman; Falmouth, Jamaica; Disney Castaway Cay",3541.68,USD,Standard
7-Night Western Caribbean Cruise from Port Canaveral,7_western_caribbean_port_canaveral,"CZM,FMH,GEC,GOC",WT0122,Disney Treasure,Flexible / Multiple Dates,7,CARIBBEAN,"Cozumel, Mexico","Cozumel, Mexico; George Town, Grand Cayman; Falmouth, Jamaica; Disney Castaway Cay",3541.68,USD,Standard
7-Night Western Caribbean Cruise from Port Canaveral,7_western_caribbean_port_canaveral,"CZM,FMH,GEC,GOC",WT0126,Disney Treasure,Flexible / Multiple Dates,7,CARIBBEAN,"Cozumel, Mexico","Cozumel, Mexico; George Town, Grand Cayman; Falmouth, Jamaica; Disney Castaway Cay",3541.68,USD,Standard
7-Night Western Caribbean Cruise from Port Canaveral,7_western_caribbean_port_canaveral,"CZM,FMH,GEC,GOC",WT0120,Disney Treasure,Flexible / Multiple Dates,7,CARIBBEAN,"Cozumel, Mexico","Cozumel, Mexico; George Town, Grand Cayman; Falmouth, Jamaica; Disney Castaway Cay",3541.68,USD,Standard
7-Night Western Caribbean Cruise from Port Canaveral,7_western_caribbean_port_canaveral,"CZM,FMH,GEC,GOC",WT0172,Disney Treasure,Flexible / Multiple Dates,7,CARIBBEAN,"Cozumel, Mexico","Cozumel, Mexico; George Town, Grand Cayman; Falmouth, Jamaica; Disney Castaway Cay",3541.68,USD,Standard
7-Night Western Caribbean Cruise from Port Canaveral,7_western_caribbean_port_canaveral,"CZM,FMH,GEC,GOC",WT0136,Disney Treasure,Flexible / Multiple Dates,7,CARIBBEAN,"Cozumel, Mexico","Cozumel, Mexico; George Town, Grand Cayman; Falmouth, Jamaica; Disney Castaway Cay",3541.68,USD,Standard
7-Night Western Caribbean Cruise from Port Canaveral,7_western_caribbean_port_canaveral,"CZM,FMH,GEC,GOC",WT0134,Disney Treasure,Flexible / Multiple Dates,7,CARIBBEAN,"Cozumel, Mexico","Cozumel, Mexico; George Town, Grand Cayman; Falmouth, Jamaica; Disney Castaway Cay",3541.68,USD,Standard
7-Night Western Caribbean Cruise from Port Canaveral,7_western_caribbean_port_canaveral,"CZM,FMH,GEC,GOC",WT0168,Disney Treasure,Flexible / Multiple Dates,7,CARIBBEAN,"Cozumel, Mexico","Cozumel, Mexico; George Town, Grand Cayman; Falmouth, Jamaica; Disney Castaway Cay",3541.68,USD,Standard
7-Night Western Caribbean Cruise from Port Canaveral,7_western_caribbean_port_canaveral,"CZM,FMH,GEC,GOC",WT0170,Disney Treasure,Flexible / Multiple Dates,7,CARIBBEAN,"Cozumel, Mexico","Cozumel, Mexico; George Town, Grand Cayman; Falmouth, Jamaica; Disney Castaway Cay",3541.68,USD,Standard
7-Night Western Caribbean Cruise from Port Canaveral,7_western_caribbean_port_canaveral,"CZM,FMH,GEC,GOC",WT0166,Disney Treasure,Flexible / Multiple Dates,7,CARIBBEAN,"Cozumel, Mexico","Cozumel, Mexico; George Town, Grand Cayman; Falmouth, Jamaica; Disney Castaway Cay",3541.68,USD,Standard
7-Night Western Caribbean Cruise from Port Canaveral,7_western_caribbean_port_canaveral,"CZM,FMH,GEC,GOC",WT0174,Disney Treasure,Flexible / Multiple Dates,7,CARIBBEAN,"Cozumel, Mexico","Cozumel, Mexico; George Town, Grand Cayman; Falmouth, Jamaica; Disney Castaway Cay",3541.68,USD,Standard
7-Night Western Caribbean Cruise from Port Canaveral,7_western_caribbean_port_canaveral,"CZM,FMH,GEC,GOC",WT0130,Disney Treasure,Flexible / Multiple Dates,7,CARIBBEAN,"Cozumel, Mexico","Cozumel, Mexico; George Town, Grand Cayman; Falmouth, Jamaica; Disney Castaway Cay",3541.68,USD,Standard
7-Night Western Caribbean Cruise from Port Canaveral,7_western_caribbean_port_canaveral,"CZM,FMH,GEC,GOC",WT0132,Disney Treasure,Flexible / Multiple Dates,7,CARIBBEAN,"Cozumel, Mexico","Cozumel, Mexico; George Town, Grand Cayman; Falmouth, Jamaica; Disney Castaway Cay",3541.68,USD,Standard
7-Night Western Caribbean Cruise from Port Canaveral,7_western_caribbean_port_canaveral,"CZM,FMH,GEC,GOC",WT0128,Disney Treasure,Flexible / Multiple Dates,7,CARIBBEAN,"Cozumel, Mexico","Cozumel, Mexico; George Town, Grand Cayman; Falmouth, Jamaica; Disney Castaway Cay",3541.68,USD,Standard
7-Night Western Caribbean Cruise from Port Canaveral,7_western_caribbean_port_canaveral,"CZM,FMH,GEC,GOC",WT0118,Disney Treasure,Flexible / Multiple Dates,7,CARIBBEAN,"Cozumel, Mexico","Cozumel, Mexico; George Town, Grand Cayman; Falmouth, Jamaica; Disney Castaway Cay",3541.68,USD,Standard
7-Night Western Caribbean Cruise from Port Canaveral,7_western_caribbean_port_canaveral,"CZM,FMH,GEC,GOC",WT0106,Disney Treasure,Flexible / Multiple Dates,7,CARIBBEAN,"Cozumel, Mexico","Cozumel, Mexico; George Town, Grand Cayman; Falmouth, Jamaica; Disney Castaway Cay",3541.68,USD,Standard
5-Night Bahamian Cruise from Port Canaveral,5_bahamian_port_canaveral_merrytime,"LPT,NAS",DF0921,Disney Fantasy,Flexible / Multiple Dates,5,BAHAMAS,"Nassau, Bahamas","Nassau, Bahamas; Disney Lookout Cay at Lighthouse Point",3546.54,USD,Very Merrytime (Holiday)
5-Night Bahamian Cruise from Port Canaveral with 2 Stops at Castaway Cay,5_bahamian_port_canaveral_dd,"GOC,LPT",DF0854,Disney Fantasy,Flexible / Multiple Dates,5,BAHAMAS,Port Canaveral,Disney Castaway Cay; Disney Lookout Cay at Lighthouse Point; Disney Castaway Cay,3555.52,USD,Standard
5-Night Bahamian Cruise from Port Canaveral with 2 Stops at Castaway Cay,5_bahamian_port_canaveral_dd,"GOC,LPT",DF0901,Disney Fantasy,Flexible / Multiple Dates,5,BAHAMAS,Port Canaveral,Disney Castaway Cay; Disney Lookout Cay at Lighthouse Point; Disney Castaway Cay,3555.52,USD,Standard
5-Night Bahamian Cruise from Port Canaveral with 2 Stops at Castaway Cay,5_bahamian_port_canaveral_dd,"GOC,LPT",DF0869,Disney Fantasy,Flexible / Multiple Dates,5,BAHAMAS,Port Canaveral,Disney Castaway Cay; Disney Lookout Cay at Lighthouse Point; Disney Castaway Cay,3555.52,USD,Standard
5-Night Bahamian Cruise from Port Canaveral with 2 Stops at Castaway Cay,5_bahamian_port_canaveral_dd,"GOC,LPT",DF0892,Disney Fantasy,Flexible / Multiple Dates,5,BAHAMAS,Port Canaveral,Disney Castaway Cay; Disney Lookout Cay at Lighthouse Point; Disney Castaway Cay,3555.52,USD,Standard
5-Night Bahamian Cruise from Fort Lauderdale,5_bahamian_fort_lauderdale_merrytime,"GOC,NAS",WD0081,Disney Destiny,Flexible / Multiple Dates,5,BAHAMAS,"Nassau, Bahamas","Nassau, Bahamas; Disney Castaway Cay",3603.76,USD,Very Merrytime (Holiday)
7-Night Western Caribbean Cruise from Port Canaveral,7_western_caribbean_port_canaveral_merrytime,"CZM,FMH,GEC,GOC",WT0102,Disney Treasure,Flexible / Multiple Dates,7,CARIBBEAN,"Cozumel, Mexico","Cozumel, Mexico; George Town, Grand Cayman; Falmouth, Jamaica; Disney Castaway Cay",3607.84,USD,Very Merrytime (Holiday)
7-Night Western Caribbean Cruise from Port Canaveral,7_western_caribbean_port_canaveral_merrytime,"CZM,FMH,GEC,GOC",WT0100,Disney Treasure,Flexible / Multiple Dates,7,CARIBBEAN,"Cozumel, Mexico","Cozumel, Mexico; George Town, Grand Cayman; Falmouth, Jamaica; Disney Castaway Cay",3607.84,USD,Very Merrytime (Holiday)
7-Night Western Caribbean Cruise from Port Canaveral,7_western_caribbean_port_canaveral_merrytime,"CZM,FMH,GEC,GOC",WT0104,Disney Treasure,Flexible / Multiple Dates,7,CARIBBEAN,"Cozumel, Mexico","Cozumel, Mexico; George Town, Grand Cayman; Falmouth, Jamaica; Disney Castaway Cay",3607.84,USD,Very Merrytime (Holiday)
7-Night Western Caribbean Cruise from Port Canaveral,7_western_caribbean_port_canaveral_merrytime,"CZM,FMH,GEC,GOC",WT0154,Disney Treasure,Flexible / Multiple Dates,7,CARIBBEAN,"Cozumel, Mexico","Cozumel, Mexico; George Town, Grand Cayman; Falmouth, Jamaica; Disney Castaway Cay",3607.84,USD,Very Merrytime (Holiday)
7-Night Western Caribbean Cruise from Port Canaveral,7_western_caribbean_port_canaveral_merrytime,"CZM,FMH,GEC,GOC",WT0152,Disney Treasure,Flexible / Multiple Dates,7,CARIBBEAN,"Cozumel, Mexico","Cozumel, Mexico; George Town, Grand Cayman; Falmouth, Jamaica; Disney Castaway Cay",3607.84,USD,Very Merrytime (Holiday)
7-Night Western Caribbean Cruise from Port Canaveral,7_western_caribbean_port_canaveral_merrytime,"CZM,FMH,GEC,GOC",WT0156,Disney Treasure,Flexible / Multiple Dates,7,CARIBBEAN,"Cozumel, Mexico","Cozumel, Mexico; George Town, Grand Cayman; Falmouth, Jamaica; Disney Castaway Cay",3607.84,USD,Very Merrytime (Holiday)
7-Night Eastern Caribbean Cruise from Port Canaveral,7_eastern_caribbean_port_canaveral_halloween,"GOC,STT,TOV",WT0097,Disney Treasure,Flexible / Multiple Dates,7,CARIBBEAN,"Tortola, British Virgin Islands","Tortola, British Virgin Islands; St. Thomas, U.S. Virgin Islands; Disney Castaway Cay",3610.92,USD,Halloween on the High Seas
7-Night Eastern Caribbean Cruise from Port Canaveral,7_eastern_caribbean_port_canaveral_halloween,"GOC,STT,TOV",WT0095,Disney Treasure,Flexible / Multiple Dates,7,CARIBBEAN,"Tortola, British Virgin Islands","Tortola, British Virgin Islands; St. Thomas, U.S. Virgin Islands; Disney Castaway Cay",3610.92,USD,Halloween on the High Seas
7-Night Eastern Caribbean Cruise from Port Canaveral,7_eastern_caribbean_port_canaveral_halloween,"GOC,STT,TOV",WT0145,Disney Treasure,Flexible / Multiple Dates,7,CARIBBEAN,"Tortola, British Virgin Islands","Tortola, British Virgin Islands; St. Thomas, U.S. Virgin Islands; Disney Castaway Cay",3610.92,USD,Halloween on the High Seas
7-Night Eastern Caribbean Cruise from Port Canaveral,7_eastern_caribbean_port_canaveral_halloween,"GOC,STT,TOV",WT0149,Disney Treasure,Flexible / Multiple Dates,7,CARIBBEAN,"Tortola, British Virgin Islands","Tortola, British Virgin Islands; St. Thomas, U.S. Virgin Islands; Disney Castaway Cay",3610.92,USD,Halloween on the High Seas
7-Night Eastern Caribbean Cruise from Port Canaveral,7_eastern_caribbean_port_canaveral_halloween,"GOC,STT,TOV",WT0147,Disney Treasure,Flexible / Multiple Dates,7,CARIBBEAN,"Tortola, British Virgin Islands","Tortola, British Virgin Islands; St. Thomas, U.S. Virgin Islands; Disney Castaway Cay",3610.92,USD,Halloween on the High Seas
5-Night Bahamian Cruise from Fort Lauderdale,5_bahamian_fort_lauderdale,"GOC,LPT",WD0110,Disney Destiny,Flexible / Multiple Dates,5,BAHAMAS,Fort Lauderdale,Disney Castaway Cay; Disney Lookout Cay at Lighthouse Point,3616.54,USD,Standard
5-Night Bahamian Cruise from Fort Lauderdale,5_bahamian_fort_lauderdale,"GOC,LPT",WD0087,Disney Destiny,Flexible / Multiple Dates,5,BAHAMAS,Fort Lauderdale,Disney Castaway Cay; Disney Lookout Cay at Lighthouse Point,3616.54,USD,Standard
4-Night Bahamian Cruise from Port Canaveral,4_bahamian_port_canaveral_merrytime,LPT,WW0540,Disney Wish,Flexible / Multiple Dates,4,BAHAMAS,Port Canaveral,Disney Lookout Cay at Lighthouse Point,3626.96,USD,Very Merrytime (Holiday)
5-Night Bermuda Cruise from New York ending in San Juan,5_bermuda_new_york_san_juan_halloween,"KWF,SJU",WW0603,Disney Wish,Flexible / Multiple Dates,5,BERMUDA,"King's Wharf, Bermuda","King's Wharf, Bermuda; King's Wharf, Bermuda; San Juan, Puerto Rico",3647.44,USD,Halloween on the High Seas
7-Night Eastern Caribbean Cruise from Port Canaveral,7_eastern_caribbean_port_canaveral,"GOC,SJU,TOV",WT0115,Disney Treasure,Flexible / Multiple Dates,7,CARIBBEAN,"Tortola, British Virgin Islands","Tortola, British Virgin Islands; San Juan, Puerto Rico; Disney Castaway Cay",3647.68,USD,Standard
7-Night Eastern Caribbean Cruise from Port Canaveral,7_eastern_caribbean_port_canaveral,"GOC,SJU,TOV",WT0109,Disney Treasure,Flexible / Multiple Dates,7,CARIBBEAN,"Tortola, British Virgin Islands","Tortola, British Virgin Islands; San Juan, Puerto Rico; Disney Castaway Cay",3647.68,USD,Standard
7-Night Eastern Caribbean Cruise from Port Canaveral,7_eastern_caribbean_port_canaveral,"GOC,SJU,TOV",WT0099,Disney Treasure,Flexible / Multiple Dates,7,CARIBBEAN,"Tortola, British Virgin Islands","Tortola, British Virgin Islands; San Juan, Puerto Rico; Disney Castaway Cay",3647.68,USD,Standard
7-Night Eastern Caribbean Cruise from Port Canaveral,7_eastern_caribbean_port_canaveral,"GOC,SJU,TOV",WT0169,Disney Treasure,Flexible / Multiple Dates,7,CARIBBEAN,"Tortola, British Virgin Islands","Tortola, British Virgin Islands; San Juan, Puerto Rico; Disney Castaway Cay",3647.68,USD,Standard
6-Night Alaskan Cruise from Vancouver,6_alaskan_vancouver,"DAW,ISP,KTN",DM1805,Disney Magic,Flexible / Multiple Dates,6,ALASKA,"Glacier Viewing (Stikine Icecap), Alaska","Glacier Viewing (Stikine Icecap), Alaska; Icy Strait Point, Alaska; Ketchikan, Alaska",3693.06,USD,Standard
7-Night Bahamian Cruise from Galveston,7_bahamian_galveston,"GOC,NAS",DM1791,Disney Magic,Flexible / Multiple Dates,7,BAHAMAS,"Nassau, Bahamas","Nassau, Bahamas; Disney Castaway Cay",3719.72,USD,Standard
7-Night Bahamian Cruise from Galveston,7_bahamian_galveston,"GOC,NAS",DM1849,Disney Magic,Flexible / Multiple Dates,7,BAHAMAS,"Nassau, Bahamas","Nassau, Bahamas; Disney Castaway Cay",3719.72,USD,Standard
7-Night Bahamian Cruise from Galveston,7_bahamian_galveston,"GOC,NAS",DM1768,Disney Magic,Flexible / Multiple Dates,7,BAHAMAS,"Nassau, Bahamas","Nassau, Bahamas; Disney Castaway Cay",3719.72,USD,Standard
7-Night Eastern Caribbean Cruise from Fort Lauderdale,7_eastern_caribbean_fort_lauderdale_merrytime,"GOC,LPT,POP,SJU",DD1528,Disney Dream,Flexible / Multiple Dates,7,CARIBBEAN,Fort Lauderdale,"Disney Lookout Cay at Lighthouse Point; San Juan, Puerto Rico; Puerto Plata, Dominican Republic; Disney Castaway Cay",3730.3,USD,Very Merrytime (Holiday)
7-Night Eastern Caribbean Cruise from Fort Lauderdale,7_eastern_caribbean_fort_lauderdale,"LPT,STT,SXM",DF0937,Disney Fantasy,Flexible / Multiple Dates,7,CARIBBEAN,Fort Lauderdale,"Disney Lookout Cay at Lighthouse Point; St. Thomas, U.S. Virgin Islands; Philipsburg, St. Maarten",3733.42,USD,Standard
7-Night Eastern Caribbean Cruise from Fort Lauderdale,7_eastern_caribbean_fort_lauderdale,"LPT,STT,SXM",DF0929,Disney Fantasy,Flexible / Multiple Dates,7,CARIBBEAN,Fort Lauderdale,"Disney Lookout Cay at Lighthouse Point; St. Thomas, U.S. Virgin Islands; Philipsburg, St. Maarten",3733.42,USD,Standard
7-Night Eastern Caribbean Cruise from Port Canaveral,7_eastern_caribbean_port_canaveral,"GOC,STT,TOV",WT0111,Disney Treasure,Flexible / Multiple Dates,7,CARIBBEAN,"Tortola, British Virgin Islands","Tortola, British Virgin Islands; St. Thomas, U.S. Virgin Islands; Disney Castaway Cay",3737.34,USD,Standard
7-Night Eastern Caribbean Cruise from Port Canaveral,7_eastern_caribbean_port_canaveral,"GOC,STT,TOV",WT0107,Disney Treasure,Flexible / Multiple Dates,7,CARIBBEAN,"Tortola, British Virgin Islands","Tortola, British Virgin Islands; St. Thomas, U.S. Virgin Islands; Disney Castaway Cay",3737.34,USD,Standard
7-Night Eastern Caribbean Cruise from Port Canaveral,7_eastern_caribbean_port_canaveral,"GOC,STT,TOV",WT0143,Disney Treasure,Flexible / Multiple Dates,7,CARIBBEAN,"Tortola, British Virgin Islands","Tortola, British Virgin Islands; St. Thomas, U.S. Virgin Islands; Disney Castaway Cay",3737.34,USD,Standard
7-Night Eastern Caribbean Cruise from Port Canaveral,7_eastern_caribbean_port_canaveral,"GOC,STT,TOV",WT0141,Disney Treasure,Flexible / Multiple Dates,7,CARIBBEAN,"Tortola, British Virgin Islands","Tortola, British Virgin Islands; St. Thomas, U.S. Virgin Islands; Disney Castaway Cay",3737.34,USD,Standard
7-Night Eastern Caribbean Cruise from Port Canaveral,7_eastern_caribbean_port_canaveral,"GOC,STT,TOV",WT0163,Disney Treasure,Flexible / Multiple Dates,7,CARIBBEAN,"Tortola, British Virgin Islands","Tortola, British Virgin Islands; St. Thomas, U.S. Virgin Islands; Disney Castaway Cay",3737.34,USD,Standard
7-Night Eastern Caribbean Cruise from Port Canaveral,7_eastern_caribbean_port_canaveral,"GOC,STT,TOV",WT0161,Disney Treasure,Flexible / Multiple Dates,7,CARIBBEAN,"Tortola, British Virgin Islands","Tortola, British Virgin Islands; St. Thomas, U.S. Virgin Islands; Disney Castaway Cay",3737.34,USD,Standard
7-Night Eastern Caribbean Cruise from Port Canaveral,7_eastern_caribbean_port_canaveral,"GOC,STT,TOV",WT0151,Disney Treasure,Flexible / Multiple Dates,7,CARIBBEAN,"Tortola, British Virgin Islands","Tortola, British Virgin Islands; St. Thomas, U.S. Virgin Islands; Disney Castaway Cay",3737.34,USD,Standard
7-Night Eastern Caribbean Cruise from Port Canaveral,7_eastern_caribbean_port_canaveral,"GOC,STT,TOV",WT0165,Disney Treasure,Flexible / Multiple Dates,7,CARIBBEAN,"Tortola, British Virgin Islands","Tortola, British Virgin Islands; St. Thomas, U.S. Virgin Islands; Disney Castaway Cay",3737.34,USD,Standard
7-Night Eastern Caribbean Cruise from Port Canaveral,7_eastern_caribbean_port_canaveral,"GOC,STT,TOV",WT0121,Disney Treasure,Flexible / Multiple Dates,7,CARIBBEAN,"Tortola, British Virgin Islands","Tortola, British Virgin Islands; St. Thomas, U.S. Virgin Islands; Disney Castaway Cay",3737.34,USD,Standard
7-Night Eastern Caribbean Cruise from Port Canaveral,7_eastern_caribbean_port_canaveral,"GOC,STT,TOV",WT0125,Disney Treasure,Flexible / Multiple Dates,7,CARIBBEAN,"Tortola, British Virgin Islands","Tortola, British Virgin Islands; St. Thomas, U.S. Virgin Islands; Disney Castaway Cay",3737.34,USD,Standard
7-Night Eastern Caribbean Cruise from Port Canaveral,7_eastern_caribbean_port_canaveral,"GOC,STT,TOV",WT0139,Disney Treasure,Flexible / Multiple Dates,7,CARIBBEAN,"Tortola, British Virgin Islands","Tortola, British Virgin Islands; St. Thomas, U.S. Virgin Islands; Disney Castaway Cay",3737.34,USD,Standard
7-Night Eastern Caribbean Cruise from Port Canaveral,7_eastern_caribbean_port_canaveral,"GOC,STT,TOV",WT0175,Disney Treasure,Flexible / Multiple Dates,7,CARIBBEAN,"Tortola, British Virgin Islands","Tortola, British Virgin Islands; St. Thomas, U.S. Virgin Islands; Disney Castaway Cay",3737.34,USD,Standard
7-Night Eastern Caribbean Cruise from Port Canaveral,7_eastern_caribbean_port_canaveral,"GOC,STT,TOV",WT0123,Disney Treasure,Flexible / Multiple Dates,7,CARIBBEAN,"Tortola, British Virgin Islands","Tortola, British Virgin Islands; St. Thomas, U.S. Virgin Islands; Disney Castaway Cay",3737.34,USD,Standard
7-Night Eastern Caribbean Cruise from Port Canaveral,7_eastern_caribbean_port_canaveral,"GOC,STT,TOV",WT0167,Disney Treasure,Flexible / Multiple Dates,7,CARIBBEAN,"Tortola, British Virgin Islands","Tortola, British Virgin Islands; St. Thomas, U.S. Virgin Islands; Disney Castaway Cay",3737.34,USD,Standard
7-Night Eastern Caribbean Cruise from Port Canaveral,7_eastern_caribbean_port_canaveral,"GOC,STT,TOV",WT0159,Disney Treasure,Flexible / Multiple Dates,7,CARIBBEAN,"Tortola, British Virgin Islands","Tortola, British Virgin Islands; St. Thomas, U.S. Virgin Islands; Disney Castaway Cay",3737.34,USD,Standard
7-Night Eastern Caribbean Cruise from Port Canaveral,7_eastern_caribbean_port_canaveral,"GOC,STT,TOV",WT0127,Disney Treasure,Flexible / Multiple Dates,7,CARIBBEAN,"Tortola, British Virgin Islands","Tortola, British Virgin Islands; St. Thomas, U.S. Virgin Islands; Disney Castaway Cay",3737.34,USD,Standard
7-Night Eastern Caribbean Cruise from Port Canaveral,7_eastern_caribbean_port_canaveral,"GOC,STT,TOV",WT0171,Disney Treasure,Flexible / Multiple Dates,7,CARIBBEAN,"Tortola, British Virgin Islands","Tortola, British Virgin Islands; St. Thomas, U.S. Virgin Islands; Disney Castaway Cay",3737.34,USD,Standard
7-Night Eastern Caribbean Cruise from Port Canaveral,7_eastern_caribbean_port_canaveral,"GOC,STT,TOV",WT0113,Disney Treasure,Flexible / Multiple Dates,7,CARIBBEAN,"Tortola, British Virgin Islands","Tortola, British Virgin Islands; St. Thomas, U.S. Virgin Islands; Disney Castaway Cay",3737.34,USD,Standard
7-Night Eastern Caribbean Cruise from Port Canaveral,7_eastern_caribbean_port_canaveral,"GOC,STT,TOV",WT0119,Disney Treasure,Flexible / Multiple Dates,7,CARIBBEAN,"Tortola, British Virgin Islands","Tortola, British Virgin Islands; St. Thomas, U.S. Virgin Islands; Disney Castaway Cay",3737.34,USD,Standard
7-Night Eastern Caribbean Cruise from Port Canaveral,7_eastern_caribbean_port_canaveral,"GOC,STT,TOV",WT0129,Disney Treasure,Flexible / Multiple Dates,7,CARIBBEAN,"Tortola, British Virgin Islands","Tortola, British Virgin Islands; St. Thomas, U.S. Virgin Islands; Disney Castaway Cay",3737.34,USD,Standard
7-Night Eastern Caribbean Cruise from Port Canaveral,7_eastern_caribbean_port_canaveral,"GOC,STT,TOV",WT0131,Disney Treasure,Flexible / Multiple Dates,7,CARIBBEAN,"Tortola, British Virgin Islands","Tortola, British Virgin Islands; St. Thomas, U.S. Virgin Islands; Disney Castaway Cay",3737.34,USD,Standard
7-Night Eastern Caribbean Cruise from Port Canaveral,7_eastern_caribbean_port_canaveral,"GOC,STT,TOV",WT0133,Disney Treasure,Flexible / Multiple Dates,7,CARIBBEAN,"Tortola, British Virgin Islands","Tortola, British Virgin Islands; St. Thomas, U.S. Virgin Islands; Disney Castaway Cay",3737.34,USD,Standard
7-Night Eastern Caribbean Cruise from Port Canaveral,7_eastern_caribbean_port_canaveral,"GOC,STT,TOV",WT0135,Disney Treasure,Flexible / Multiple Dates,7,CARIBBEAN,"Tortola, British Virgin Islands","Tortola, British Virgin Islands; St. Thomas, U.S. Virgin Islands; Disney Castaway Cay",3737.34,USD,Standard
7-Night Eastern Caribbean Cruise from Port Canaveral,7_eastern_caribbean_port_canaveral,"GOC,STT,TOV",WT0117,Disney Treasure,Flexible / Multiple Dates,7,CARIBBEAN,"Tortola, British Virgin Islands","Tortola, British Virgin Islands; St. Thomas, U.S. Virgin Islands; Disney Castaway Cay",3737.34,USD,Standard
7-Night Eastern Caribbean Cruise from Port Canaveral,7_eastern_caribbean_port_canaveral,"GOC,STT,TOV",WT0173,Disney Treasure,Flexible / Multiple Dates,7,CARIBBEAN,"Tortola, British Virgin Islands","Tortola, British Virgin Islands; St. Thomas, U.S. Virgin Islands; Disney Castaway Cay",3737.34,USD,Standard
4-Night Spain Cruise from Southampton,4_spain_southampton,BIO,WW0589,Disney Wish,Flexible / Multiple Dates,4,EUROPE,"Bilbao, Spain","Bilbao, Spain",3760.2,USD,Standard
4-Night Spain Cruise from Southampton,4_spain_southampton,LCG,WW0593,Disney Wish,Flexible / Multiple Dates,4,EUROPE,"La Coruña, Spain","La Coruña, Spain",3783.5,USD,Standard
4-Night Spain Cruise from Southampton,4_spain_southampton,LCG,WW0591,Disney Wish,Flexible / Multiple Dates,4,EUROPE,"La Coruña, Spain","La Coruña, Spain",3783.5,USD,Standard
7-Night Eastern Caribbean Cruise from Fort Lauderdale,7_eastern_caribbean_fort_lauderdale_halloween,"GOC,LPT,POP,SJU",WD0073,Disney Destiny,Flexible / Multiple Dates,7,CARIBBEAN,Fort Lauderdale,"Disney Lookout Cay at Lighthouse Point; Disney Castaway Cay; San Juan, Puerto Rico; Puerto Plata, Dominican Republic",3786.3,USD,Halloween on the High Seas
7-Night Alaskan Cruise from Vancouver,7_alaskan_vancouver,"DAW,JNU,KTN,SGY",DW2258,Disney Wonder,Flexible / Multiple Dates,7,ALASKA,"Glacier Viewing (Stikine Icecap), Alaska","Glacier Viewing (Stikine Icecap), Alaska; Skagway, Alaska; Juneau, Alaska; Ketchikan, Alaska",3815.22,USD,Standard
7-Night Alaskan Cruise from Vancouver,7_alaskan_vancouver,"DAW,JNU,KTN,SGY",DW2273,Disney Wonder,Flexible / Multiple Dates,7,ALASKA,"Glacier Viewing (Stikine Icecap), Alaska","Glacier Viewing (Stikine Icecap), Alaska; Skagway, Alaska; Juneau, Alaska; Ketchikan, Alaska",3815.22,USD,Standard
7-Night Alaskan Cruise from Vancouver,7_alaskan_vancouver,"DAW,JNU,KTN,SGY",DW2275,Disney Wonder,Flexible / Multiple Dates,7,ALASKA,"Glacier Viewing (Stikine Icecap), Alaska","Glacier Viewing (Stikine Icecap), Alaska; Skagway, Alaska; Juneau, Alaska; Ketchikan, Alaska",3815.22,USD,Standard
7-Night Alaskan Cruise from Vancouver,7_alaskan_vancouver,"DAW,JNU,KTN,SGY",DW2272,Disney Wonder,Flexible / Multiple Dates,7,ALASKA,"Glacier Viewing (Stikine Icecap), Alaska","Glacier Viewing (Stikine Icecap), Alaska; Skagway, Alaska; Juneau, Alaska; Ketchikan, Alaska",3815.22,USD,Standard
7-Night Alaskan Cruise from Vancouver,7_alaskan_vancouver,"DAW,JNU,KTN,SGY",DW2271,Disney Wonder,Flexible / Multiple Dates,7,ALASKA,"Glacier Viewing (Stikine Icecap), Alaska","Glacier Viewing (Stikine Icecap), Alaska; Skagway, Alaska; Juneau, Alaska; Ketchikan, Alaska",3815.22,USD,Standard
7-Night Alaskan Cruise from Vancouver,7_alaskan_vancouver,"DAW,JNU,KTN,SGY",DW2259,Disney Wonder,Flexible / Multiple Dates,7,ALASKA,"Glacier Viewing (Stikine Icecap), Alaska","Glacier Viewing (Stikine Icecap), Alaska; Skagway, Alaska; Juneau, Alaska; Ketchikan, Alaska",3815.22,USD,Standard
7-Night Alaskan Cruise from Vancouver,7_alaskan_vancouver,"DAW,JNU,KTN,SGY",DW2260,Disney Wonder,Flexible / Multiple Dates,7,ALASKA,"Glacier Viewing (Stikine Icecap), Alaska","Glacier Viewing (Stikine Icecap), Alaska; Skagway, Alaska; Juneau, Alaska; Ketchikan, Alaska",3815.22,USD,Standard
7-Night Alaskan Cruise from Vancouver,7_alaskan_vancouver,"DAW,JNU,KTN,SGY",DW2276,Disney Wonder,Flexible / Multiple Dates,7,ALASKA,"Glacier Viewing (Stikine Icecap), Alaska","Glacier Viewing (Stikine Icecap), Alaska; Skagway, Alaska; Juneau, Alaska; Ketchikan, Alaska",3815.22,USD,Standard
7-Night Alaskan Cruise from Vancouver,7_alaskan_vancouver,"DAW,JNU,KTN,SGY",DW2274,Disney Wonder,Flexible / Multiple Dates,7,ALASKA,"Glacier Viewing (Stikine Icecap), Alaska","Glacier Viewing (Stikine Icecap), Alaska; Skagway, Alaska; Juneau, Alaska; Ketchikan, Alaska",3815.22,USD,Standard
7-Night Alaskan Cruise from Vancouver,7_alaskan_vancouver,"DAW,JNU,KTN,SGY",DW2263,Disney Wonder,Flexible / Multiple Dates,7,ALASKA,"Glacier Viewing (Stikine Icecap), Alaska","Glacier Viewing (Stikine Icecap), Alaska; Skagway, Alaska; Juneau, Alaska; Ketchikan, Alaska",3815.22,USD,Standard
7-Night Alaskan Cruise from Vancouver,7_alaskan_vancouver,"DAW,JNU,KTN,SGY",DW2266,Disney Wonder,Flexible / Multiple Dates,7,ALASKA,"Glacier Viewing (Stikine Icecap), Alaska","Glacier Viewing (Stikine Icecap), Alaska; Skagway, Alaska; Juneau, Alaska; Ketchikan, Alaska",3815.22,USD,Standard
7-Night Alaskan Cruise from Vancouver,7_alaskan_vancouver,"DAW,JNU,KTN,SGY",DW2261,Disney Wonder,Flexible / Multiple Dates,7,ALASKA,"Glacier Viewing (Stikine Icecap), Alaska","Glacier Viewing (Stikine Icecap), Alaska; Skagway, Alaska; Juneau, Alaska; Ketchikan, Alaska",3815.22,USD,Standard
7-Night Alaskan Cruise from Vancouver,7_alaskan_vancouver,"DAW,JNU,KTN,SGY",DW2268,Disney Wonder,Flexible / Multiple Dates,7,ALASKA,"Glacier Viewing (Stikine Icecap), Alaska","Glacier Viewing (Stikine Icecap), Alaska; Skagway, Alaska; Juneau, Alaska; Ketchikan, Alaska",3815.22,USD,Standard
7-Night Alaskan Cruise from Vancouver,7_alaskan_vancouver,"DAW,JNU,KTN,SGY",DW2270,Disney Wonder,Flexible / Multiple Dates,7,ALASKA,"Glacier Viewing (Stikine Icecap), Alaska","Glacier Viewing (Stikine Icecap), Alaska; Skagway, Alaska; Juneau, Alaska; Ketchikan, Alaska",3815.22,USD,Standard
7-Night Alaskan Cruise from Vancouver,7_alaskan_vancouver,"DAW,JNU,KTN,SGY",DW2269,Disney Wonder,Flexible / Multiple Dates,7,ALASKA,"Glacier Viewing (Stikine Icecap), Alaska","Glacier Viewing (Stikine Icecap), Alaska; Skagway, Alaska; Juneau, Alaska; Ketchikan, Alaska",3815.22,USD,Standard
7-Night Alaskan Cruise from Vancouver,7_alaskan_vancouver,"DAW,JNU,KTN,SGY",DW2264,Disney Wonder,Flexible / Multiple Dates,7,ALASKA,"Glacier Viewing (Stikine Icecap), Alaska","Glacier Viewing (Stikine Icecap), Alaska; Skagway, Alaska; Juneau, Alaska; Ketchikan, Alaska",3815.22,USD,Standard
7-Night Alaskan Cruise from Vancouver,7_alaskan_vancouver,"DAW,JNU,KTN,SGY",DW2265,Disney Wonder,Flexible / Multiple Dates,7,ALASKA,"Glacier Viewing (Stikine Icecap), Alaska","Glacier Viewing (Stikine Icecap), Alaska; Skagway, Alaska; Juneau, Alaska; Ketchikan, Alaska",3815.22,USD,Standard
7-Night Alaskan Cruise from Vancouver,7_alaskan_vancouver,"DAW,JNU,KTN,SGY",DW2262,Disney Wonder,Flexible / Multiple Dates,7,ALASKA,"Glacier Viewing (Stikine Icecap), Alaska","Glacier Viewing (Stikine Icecap), Alaska; Skagway, Alaska; Juneau, Alaska; Ketchikan, Alaska",3815.22,USD,Standard
7-Night Alaskan Cruise from Vancouver,7_alaskan_vancouver,"DAW,JNU,KTN,SGY",DW2267,Disney Wonder,Flexible / Multiple Dates,7,ALASKA,"Glacier Viewing (Stikine Icecap), Alaska","Glacier Viewing (Stikine Icecap), Alaska; Skagway, Alaska; Juneau, Alaska; Ketchikan, Alaska",3815.22,USD,Standard
7-Night Mexican Riviera Cruise from San Diego,7_mexican_riviera_san_diego_merrytime,"CSL,ESE,MZT",DW2216,Disney Wonder,Flexible / Multiple Dates,7,MEXICAN RIVIERA,"Mazatlán, Mexico","Mazatlán, Mexico; Cabo San Lucas, Mexico; Ensenada, Mexico",3826.6,USD,Very Merrytime (Holiday)
7-Night Eastern Caribbean Cruise from Port Canaveral,7_eastern_caribbean_port_canaveral_merrytime,"GOC,STT,TOV",WT0103,Disney Treasure,Flexible / Multiple Dates,7,CARIBBEAN,"St. Thomas, U.S. Virgin Islands","St. Thomas, U.S. Virgin Islands; Tortola, British Virgin Islands; Disney Castaway Cay",3834.92,USD,Very Merrytime (Holiday)
7-Night Eastern Caribbean Cruise from Port Canaveral,7_eastern_caribbean_port_canaveral_merrytime,"GOC,STT,TOV",WT0101,Disney Treasure,Flexible / Multiple Dates,7,CARIBBEAN,"St. Thomas, U.S. Virgin Islands","St. Thomas, U.S. Virgin Islands; Tortola, British Virgin Islands; Disney Castaway Cay",3834.92,USD,Very Merrytime (Holiday)
7-Night Eastern Caribbean Cruise from Port Canaveral,7_eastern_caribbean_port_canaveral_merrytime,"GOC,STT,TOV",WT0155,Disney Treasure,Flexible / Multiple Dates,7,CARIBBEAN,"St. Thomas, U.S. Virgin Islands","St. Thomas, U.S. Virgin Islands; Tortola, British Virgin Islands; Disney Castaway Cay",3834.92,USD,Very Merrytime (Holiday)
7-Night Eastern Caribbean Cruise from Port Canaveral,7_eastern_caribbean_port_canaveral_merrytime,"GOC,STT,TOV",WT0105,Disney Treasure,Flexible / Multiple Dates,7,CARIBBEAN,"St. Thomas, U.S. Virgin Islands","St. Thomas, U.S. Virgin Islands; Tortola, British Virgin Islands; Disney Castaway Cay",3834.92,USD,Very Merrytime (Holiday)
7-Night Eastern Caribbean Cruise from Fort Lauderdale,7_eastern_caribbean_fort_lauderdale,"GOC,LPT,SJU,STT",DF0936,Disney Fantasy,Flexible / Multiple Dates,7,CARIBBEAN,Fort Lauderdale,"Disney Lookout Cay at Lighthouse Point; San Juan, Puerto Rico; St. Thomas, U.S. Virgin Islands; Disney Castaway Cay",3860.28,USD,Standard
7-Night Eastern Caribbean Cruise from Fort Lauderdale,7_eastern_caribbean_fort_lauderdale,"LPT,SJU,SXM",DF0941,Disney Fantasy,Flexible / Multiple Dates,7,CARIBBEAN,Fort Lauderdale,"Disney Lookout Cay at Lighthouse Point; San Juan, Puerto Rico; Philipsburg, St. Maarten",3860.78,USD,Standard
7-Night Eastern Caribbean Cruise from Fort Lauderdale,7_eastern_caribbean_fort_lauderdale,"LPT,SJU,SXM",WD0094,Disney Destiny,Flexible / Multiple Dates,7,CARIBBEAN,Fort Lauderdale,"Disney Lookout Cay at Lighthouse Point; San Juan, Puerto Rico; Philipsburg, St. Maarten",3860.78,USD,Standard
7-Night Eastern Caribbean Cruise from Fort Lauderdale,7_eastern_caribbean_fort_lauderdale,"LPT,SJU,SXM",DF0946,Disney Fantasy,Flexible / Multiple Dates,7,CARIBBEAN,Fort Lauderdale,"Disney Lookout Cay at Lighthouse Point; San Juan, Puerto Rico; Philipsburg, St. Maarten",3860.78,USD,Standard
7-Night Eastern Caribbean Cruise from Fort Lauderdale,7_eastern_caribbean_fort_lauderdale_merrytime,"LPT,SJU,SXM",WD0084,Disney Destiny,Flexible / Multiple Dates,7,CARIBBEAN,Fort Lauderdale,"Disney Lookout Cay at Lighthouse Point; San Juan, Puerto Rico; Philipsburg, St. Maarten",3967.88,USD,Very Merrytime (Holiday)
7-Night Bahamian Cruise from Fort Lauderdale with 2 stops at Castaway Cay,7_bahamian_fort_lauderdale_dd_merrytime,"GOC,LPT,NAS",WD0083,Disney Destiny,Flexible / Multiple Dates,7,BAHAMAS,Fort Lauderdale,"Disney Lookout Cay at Lighthouse Point; Disney Castaway Cay; Nassau, Bahamas; Disney Castaway Cay",4010.24,USD,Very Merrytime (Holiday)
7-Night Southern Caribbean Cruise from San Juan,7_southern_caribbean_san_juan,"ANU,BGI,CAS,RSU",DF0951,Disney Fantasy,Flexible / Multiple Dates,7,CARIBBEAN,"Bridgetown, Barbados","Bridgetown, Barbados; Castries, St. Lucia; Roseau, Dominica; St. John's, Antigua",4170.4,USD,Standard
6-Night Western Caribbean Cruise from Port Canaveral,6_western_caribbean_port_canaveral,"CZM,GEC,GOC",WD0167,Disney Destiny,Flexible / Multiple Dates,6,CARIBBEAN,"Cozumel, Mexico","Cozumel, Mexico; George Town, Grand Cayman; Disney Castaway Cay",4184.06,USD,Standard
7-Night Southern Caribbean Cruise from San Juan,7_southern_caribbean_san_juan_merrytime,"ANU,ARU,CUR,RSU",DF0925,Disney Fantasy,Flexible / Multiple Dates,7,CARIBBEAN,"Oranjestad, Aruba","Oranjestad, Aruba; Willemstad, Curaçao; Roseau, Dominica; St. John's, Antigua",4188.2,USD,Very Merrytime (Holiday)
6-Night Bahamian Cruise from Port Canaveral with 2 Stops at Castaway Cay,6_bahamian_port_canaveral_dd,"GOC,LPT,NAS",WT0160,Disney Treasure,Flexible / Multiple Dates,6,BAHAMAS,Port Canaveral,"Disney Castaway Cay; Disney Lookout Cay at Lighthouse Point; Nassau, Bahamas; Disney Castaway Cay",4250.84,USD,Standard
6-Night Bahamian Cruise from Fort Lauderdale,6_bahamian_fort_lauderdale_merrytime,"GOC,LPT",DD1538,Disney Dream,Flexible / Multiple Dates,6,BAHAMAS,Fort Lauderdale,Disney Castaway Cay; Disney Lookout Cay at Lighthouse Point; Disney Castaway Cay,4376.84,USD,Very Merrytime (Holiday)
5-Night Bermuda Cruise from New York,5_bermuda_new_york_halloween,KWF,WW0600,Disney Wish,Flexible / Multiple Dates,5,BERMUDA,"King's Wharf, Bermuda","King's Wharf, Bermuda; King's Wharf, Bermuda",4420.12,USD,Halloween on the High Seas
5-Night Bermuda Cruise from New York,5_bermuda_new_york_halloween,KWF,WW0601,Disney Wish,Flexible / Multiple Dates,5,BERMUDA,"King's Wharf, Bermuda","King's Wharf, Bermuda; King's Wharf, Bermuda",4420.12,USD,Halloween on the High Seas
7-Night Eastern Caribbean Cruise from Fort Lauderdale,7_eastern_caribbean_fort_lauderdale,"ANU,LPT,SJU",DF0942,Disney Fantasy,Flexible / Multiple Dates,7,CARIBBEAN,Fort Lauderdale,"Disney Lookout Cay at Lighthouse Point; San Juan, Puerto Rico; St. John's, Antigua",4570.08,USD,Standard
7-Night Eastern Caribbean Cruise from Fort Lauderdale,7_eastern_caribbean_fort_lauderdale,"ANU,LPT,SJU",DF0945,Disney Fantasy,Flexible / Multiple Dates,7,CARIBBEAN,Fort Lauderdale,"Disney Lookout Cay at Lighthouse Point; San Juan, Puerto Rico; St. John's, Antigua",4570.08,USD,Standard
7-Night Southern Caribbean Cruise from San Juan,7_southern_caribbean_san_juan,"ARU,BON,CUR,SXM",DF0950,Disney Fantasy,Flexible / Multiple Dates,7,CARIBBEAN,"Oranjestad, Aruba","Oranjestad, Aruba; Kralendijk, Bonaire; Willemstad, Curaçao; Philipsburg, St. Maarten",4592.32,USD,Standard
5-Night Bahamian Cruise from Fort Lauderdale,5_bahamian_fort_lauderdale_merrytime,"LPT,NAS",WD0157,Disney Destiny,Flexible / Multiple Dates,5,BAHAMAS,"Nassau, Bahamas","Nassau, Bahamas; Disney Lookout Cay at Lighthouse Point",4900.02,USD,Very Merrytime (Holiday)
7-Night Southern Caribbean Cruise from San Juan,7_southern_caribbean_san_juan,"ARU,BON,RSU,SXM",WW0604,Disney Wish,Flexible / Multiple Dates,7,CARIBBEAN,"Oranjestad, Aruba","Oranjestad, Aruba; Kralendijk, Bonaire; Roseau, Dominica; Philipsburg, St. Maarten",4929.9,USD,Standard
7-Night Eastern Caribbean Cruise from Fort Lauderdale,7_eastern_caribbean_fort_lauderdale,"GOC,SJU,SXM",DD1552,Disney Dream,Flexible / Multiple Dates,7,CARIBBEAN,"Philipsburg, St. Maarten","Philipsburg, St. Maarten; San Juan, Puerto Rico; Disney Castaway Cay",4937.58,USD,Standard
6-Night Bahamian Cruise from Fort Lauderdale with 2 Stops at Castaway Cay,6_bahamian_fort_lauderdale_dd_merrytime,"GOC,LPT,NAS",DD1630,Disney Dream,Flexible / Multiple Dates,6,BAHAMAS,Fort Lauderdale,"Disney Lookout Cay at Lighthouse Point; Disney Castaway Cay; Nassau, Bahamas; Disney Castaway Cay",4939.92,USD,Very Merrytime (Holiday)
14-Night Eastbound Panama Canal Cruise from San Diego ending in Galveston,14_panama_canal_san_diego_galveston,"CAR,CSL,GEC,GLS,PTY,PVR",DM1759,Disney Magic,Flexible / Multiple Dates,14,TRANS PANAMA CANAL,"Cabo San Lucas, Mexico","Cabo San Lucas, Mexico; Puerto Vallarta, Mexico; Panama Canal; Cartagena, Colombia; George Town, Grand Cayman; Galveston, Texas",4954.26,USD,Standard
14-Night Westbound Panama Canal Cruise from Galveston ending in San Diego,14_westbound_panama_canal_galveston_san_diego,"CAR,CSL,ESE,ONX,PTY,SAN",DM1850,Disney Magic,Flexible / Multiple Dates,14,TRANS PANAMA CANAL,"Cartagena, Colombia","Cartagena, Colombia; Colón, Panama; Panama Canal; Cabo San Lucas, Mexico; Ensenada, Mexico; San Diego, California",5061.86,USD,Standard
7-Night Bahamian Cruise from Galveston,7_bahamian_galveston_merrytime,"LPT,NAS",DM1825,Disney Magic,Flexible / Multiple Dates,7,BAHAMAS,Galveston,"Disney Lookout Cay at Lighthouse Point; Nassau, Bahamas",5217.5,USD,Very Merrytime (Holiday)
5-Night Canada & New England Cruise from New York,5_canada_new_england_new_york_halloween,"BOS,SJB",WW0598,Disney Wish,Flexible / Multiple Dates,5,CANADA,"Saint John (New Brunswick), Canada","Saint John (New Brunswick), Canada; Boston, Massachusetts",5300.3,USD,Halloween on the High Seas
5-Night Spain Cruise from Southampton,5_spain_southampton,"BIO,LCG",WW0587,Disney Wish,Flexible / Multiple Dates,5,EUROPE,"La Coruña, Spain","La Coruña, Spain; Bilbao, Spain",5319.68,USD,Standard
14-Night Eastbound Panama Canal Cruise from San Diego ending in Galveston,14_panama_canal_san_diego_galveston,"AMD,CAR,CSL,GLS,PTY,PVR",DM1823,Disney Magic,Flexible / Multiple Dates,14,TRANS PANAMA CANAL,"Cabo San Lucas, Mexico","Cabo San Lucas, Mexico; Puerto Vallarta, Mexico; Fuerte Amador (Panama City), Panama; Panama Canal; Cartagena, Colombia; Galveston, Texas",5401.02,USD,Standard
8-Night Alaskan Cruise from Vancouver,8_alaska_vancouver,"DAW,ISP,KTN,SGY,SIT",DM1804,Disney Magic,Flexible / Multiple Dates,8,ALASKA,"Glacier Viewing (Stikine Icecap), Alaska","Glacier Viewing (Stikine Icecap), Alaska; Skagway, Alaska; Icy Strait Point, Alaska; Sitka, Alaska; Ketchikan, Alaska",5408.44,USD,Standard
6-Night Bermuda & Canada Cruise from New York,6_bermuda_canada_new_york_halloween,"HAL,KWF",WW0599,Disney Wish,Flexible / Multiple Dates,6,CANADA,"King's Wharf, Bermuda","King's Wharf, Bermuda; Halifax (Nova Scotia), Canada",5412.62,USD,Halloween on the High Seas
5-Night Spain Cruise from Southampton,5_spain_southampton,"LCG,VGO",WW0588,Disney Wish,Flexible / Multiple Dates,5,EUROPE,"Vigo, Spain","Vigo, Spain; La Coruña, Spain",5432.12,USD,Standard
7-Night Mexican Riviera Cruise from San Diego,7_mexican_riviera_san_diego_merrytime,"CSL,MZT,PVR",DW2299,Disney Wonder,Flexible / Multiple Dates,7,MEXICAN RIVIERA,"Cabo San Lucas, Mexico","Cabo San Lucas, Mexico; Puerto Vallarta, Mexico; Mazatlán, Mexico",5464.76,USD,Very Merrytime (Holiday)
7-Night Western Caribbean Cruise from Fort Lauderdale,7_western_caribbean_fort_lauderdale,"FMH,GEC,LPT,NAS",WD0131,Disney Destiny,Flexible / Multiple Dates,7,CARIBBEAN,"George Town, Grand Cayman","George Town, Grand Cayman; Falmouth, Jamaica; Disney Lookout Cay at Lighthouse Point; Nassau, Bahamas",5514.22,USD,Standard
7-Night Eastern Caribbean Cruise from Fort Lauderdale,7_eastern_caribbean_fort_lauderdale,"GOC,LPT,NAS,POP",WD0095,Disney Destiny,Flexible / Multiple Dates,7,CARIBBEAN,Fort Lauderdale,"Disney Lookout Cay at Lighthouse Point; Disney Castaway Cay; Puerto Plata, Dominican Republic; Nassau, Bahamas",5536.28,USD,Standard
5-Night Bahamian Cruise from Fort Lauderdale,5_bahamian_fort_lauderdale_merrytime,"GOC,LPT",WD0086,Disney Destiny,Flexible / Multiple Dates,5,BAHAMAS,Fort Lauderdale,Disney Lookout Cay at Lighthouse Point; Disney Castaway Cay,5654.7,USD,Very Merrytime (Holiday)
8-Night Eastern Caribbean Cruise from Fort Lauderdale,8_eastern_caribbean_fort_lauderdale,"ANU,LPT,SJU,SXM",DF0948,Disney Fantasy,Flexible / Multiple Dates,8,CARIBBEAN,Fort Lauderdale,"Disney Lookout Cay at Lighthouse Point; San Juan, Puerto Rico; St. John's, Antigua; Philipsburg, St. Maarten",5740.3,USD,Standard
7-Night Mexican Riviera Cruise from San Diego,7_mexican_riviera,"MZT,PVR",DW2300,Disney Wonder,Flexible / Multiple Dates,7,MEXICAN RIVIERA,"Mazatlán, Mexico","Mazatlán, Mexico; Puerto Vallarta, Mexico",5747.62,USD,Standard
7-Night Eastern Caribbean Cruise from Port Canaveral,7_eastern_caribbean_port_canaveral,"GOC,STT,SXM",WT0137,Disney Treasure,Flexible / Multiple Dates,7,CARIBBEAN,"Philipsburg, St. Maarten","Philipsburg, St. Maarten; St. Thomas, U.S. Virgin Islands; Disney Castaway Cay",5821.46,USD,Standard
7-Night Western Caribbean Cruise from Fort Lauderdale,7_western_caribbean_fort_lauderdale,"CZM,FMH,GEC,LPT",WD0123,Disney Destiny,Flexible / Multiple Dates,7,CARIBBEAN,Fort Lauderdale,"Disney Lookout Cay at Lighthouse Point; Falmouth, Jamaica; George Town, Grand Cayman; Cozumel, Mexico",5958.68,USD,Standard
14-Night Westbound Panama Canal Cruise from Galveston ending in San Diego,14_westbound_panama_canal_galveston_san_diego,"CAR,CSL,CZM,ESE,PTY,SAN",DM1792,Disney Magic,Flexible / Multiple Dates,14,TRANS PANAMA CANAL,"Cozumel, Mexico","Cozumel, Mexico; Cartagena, Colombia; Panama Canal; Cabo San Lucas, Mexico; Ensenada, Mexico; San Diego, California",6021.04,USD,Standard
6-Night Western Europe Cruise from Barcelona ending in Southampton,6_western_europe_barcelona_southampton,"GIB,LIS,SOU,VGO",WW0584,Disney Wish,Flexible / Multiple Dates,6,EUROPE,Gibraltar,"Gibraltar; Lisbon, Portugal; Vigo, Spain; Southampton, England",6039.7,USD,Standard
7-Night Eastern Caribbean Cruise from Fort Lauderdale,7_eastern_caribbean_fort_lauderdale_merrytime,"LPT,SXM,TOV",DF0928,Disney Fantasy,Flexible / Multiple Dates,7,CARIBBEAN,Fort Lauderdale,"Disney Lookout Cay at Lighthouse Point; Tortola, British Virgin Islands; Philipsburg, St. Maarten",6429.12,USD,Very Merrytime (Holiday)
7-Night Mediterranean Cruise from Barcelona,7_mediterranean_barcelona,"CVV,LIV,NAP,PMI",WW0577,Disney Wish,Flexible / Multiple Dates,7,EUROPE,"Palma de Mallorca, Spain","Palma de Mallorca, Spain; Naples (Pompeii), Italy; Civitavecchia (Rome), Italy; Livorno (Florence, Pisa), Italy",6466.34,USD,Standard
7-Night Mediterranean Cruise from Barcelona,7_mediterranean_barcelona,"CVV,LIV,NAP,PMI",WW0583,Disney Wish,Flexible / Multiple Dates,7,EUROPE,"Palma de Mallorca, Spain","Palma de Mallorca, Spain; Naples (Pompeii), Italy; Civitavecchia (Rome), Italy; Livorno (Florence, Pisa), Italy",6466.34,USD,Standard
7-Night Mediterranean Cruise from Barcelona,7_mediterranean_barcelona,"CVV,GOA,LIV,NAP",WW0582,Disney Wish,Flexible / Multiple Dates,7,EUROPE,"Naples (Pompeii), Italy","Naples (Pompeii), Italy; Civitavecchia (Rome), Italy; Livorno (Florence, Pisa), Italy; Genoa (Milan), Italy",6467.76,USD,Standard
7-Night British Isles Cruise from Southampton,7_british_isles_southampton,"BFS,GRK,LVP,PTL",WW0594,Disney Wish,Flexible / Multiple Dates,7,EUROPE,"Greenock (Glasgow & Edinburgh), Scotland","Greenock (Glasgow & Edinburgh), Scotland; Liverpool, England; Belfast, Northern Ireland; Portland (Stonehenge), England",6494.88,USD,Standard
8-Night Bermuda Cruise from Fort Lauderdale,8_bermuda_fort_lauderdale,"GOC,KWF,LPT",DF0944,Disney Fantasy,Flexible / Multiple Dates,8,BERMUDA,"King's Wharf, Bermuda","King's Wharf, Bermuda; King's Wharf, Bermuda; Disney Lookout Cay at Lighthouse Point; Disney Castaway Cay",6604.1,USD,Standard
7-Night Eastern Caribbean Cruise from Fort Lauderdale,7_eastern_caribbean_fort_lauderdale,"GOC,LPT,POP,SJU",WD0132,Disney Destiny,Flexible / Multiple Dates,7,CARIBBEAN,Fort Lauderdale,"Disney Castaway Cay; Disney Lookout Cay at Lighthouse Point; San Juan, Puerto Rico; Puerto Plata, Dominican Republic",6656.76,USD,Standard
7-Night Eastern Caribbean Cruise from Fort Lauderdale,7_eastern_caribbean_fort_lauderdale,"GOC,LPT,POP,SJU",WD0124,Disney Destiny,Flexible / Multiple Dates,7,CARIBBEAN,Fort Lauderdale,"Disney Castaway Cay; Disney Lookout Cay at Lighthouse Point; San Juan, Puerto Rico; Puerto Plata, Dominican Republic",6656.76,USD,Standard
7-Night Eastern Caribbean Cruise from Port Canaveral,7_eastern_caribbean_port_canaveral_merrytime,"GOC,SJU,TOV",WT0153,Disney Treasure,Flexible / Multiple Dates,7,CARIBBEAN,"Tortola, British Virgin Islands","Tortola, British Virgin Islands; San Juan, Puerto Rico; Disney Castaway Cay",6755.34,USD,Very Merrytime (Holiday)
7-Night Northern Europe Cruise from Southampton,7_northern_europe_southampton,"COP,KRS,RTM,SKA",WW0595,Disney Wish,Flexible / Multiple Dates,7,EUROPE,"Rotterdam (Amsterdam), Netherlands","Rotterdam (Amsterdam), Netherlands; Kristiansand, Norway; Copenhagen, Denmark; Skagen, Denmark",6942.46,USD,Standard
7-Night Western Caribbean Cruise from Port Canaveral,7_western_caribbean_port_canaveral_merrytime,"CZM,GOC,LPT",WD0164,Disney Destiny,Flexible / Multiple Dates,7,CARIBBEAN,Port Canaveral,"Disney Castaway Cay; Disney Lookout Cay at Lighthouse Point; Cozumel, Mexico",7372.36,USD,Very Merrytime (Holiday)
8-Night Mediterranean Cruise with Greek Isles from Civitavecchia (Rome),8_mediterranean_greek_isles_civitavecchia,"CHQ,JMK,JTR,NAP,RHO",WW0580,Disney Wish,Flexible / Multiple Dates,8,EUROPE,"Chania, Greece","Chania, Greece; Santorini, Greece; Rhodes, Greece; Mykonos, Greece; Naples (Pompeii), Italy",7504.76,USD,Standard
7-Night Southern Caribbean Cruise from San Juan,7_southern_caribbean_san_juan,"ANU,ARU,CUR,SXM",DD1567,Disney Dream,Flexible / Multiple Dates,7,CARIBBEAN,"Willemstad, Curaçao","Willemstad, Curaçao; Oranjestad, Aruba; St. John's, Antigua; Philipsburg, St. Maarten",7743.74,USD,Standard
9-Night Mediterranean with Greek Isles Cruise from Barcelona ending in Civitavecchia (Rome),9_mediterranean_greek_isles_barcelona_civitavecchia,"ATH,CHQ,CVV,JMK,MAL,NAP",WW0578,Disney Wish,Flexible / Multiple Dates,9,EUROPE,"Valletta, Malta","Valletta, Malta; Chania, Greece; Piraeus (Athens), Greece; Mykonos, Greece; Naples (Pompeii), Italy; Civitavecchia (Rome), Italy",7782.94,USD,Standard
7-Night Norwegian Fjords Cruise from Southampton,7_norwegian_fjords_southampton,"AES,HAU,KRS,OLD",WW0585,Disney Wish,Flexible / Multiple Dates,7,EUROPE,"Kristiansand, Norway","Kristiansand, Norway; Olden, Norway; Alesund, Norway; Haugesund, Norway",7882.68,USD,Standard
7-Night Norwegian Fjords Cruise from Southampton,7_norwegian_fjords_southampton,"AES,BGO,HSY,SVG",WW0586,Disney Wish,Flexible / Multiple Dates,7,EUROPE,"Bergen, Norway","Bergen, Norway; Hellesylt, Norway; Alesund, Norway; Stavanger, Norway",7913.36,USD,Standard
7-Night Western Caribbean Cruise from Port Canaveral,7_western_caribbean_port_canaveral,"FMH,GEC,GOC",WT0158,Disney Treasure,Flexible / Multiple Dates,7,CARIBBEAN,Port Canaveral,"Disney Castaway Cay; Falmouth, Jamaica; George Town, Grand Cayman",8016.1,USD,Standard
8-Night Eastern Caribbean Cruise from Port Canaveral,8_eastern_caribbean_port_canaveral_merrytime,"GOC,SJU,STT,TOV",WT0157,Disney Treasure,Flexible / Multiple Dates,8,CARIBBEAN,"Tortola, British Virgin Islands","Tortola, British Virgin Islands; St. Thomas, U.S. Virgin Islands; San Juan, Puerto Rico; Disney Castaway Cay",8246.28,USD,Very Merrytime (Holiday)
8-Night Adriatic Sea and Greece Cruise from Civitavecchia (Rome),8_adriatic_sea_greece_civitavecchia,"CFU,DBV,TRS,ZAD",WW0579,Disney Wish,Flexible / Multiple Dates,8,EUROPE,"Corfu, Greece","Corfu, Greece; Trieste (Venice), Italy; Zadar, Croatia; Dubrovnik, Croatia",8273.5,USD,Standard
10-Night Mediterranean with Greek Isles Cruise from Civitavecchia (Rome) ending in Barcelona,10_mediterranean_greek_isles_civitavecchia_barcelona,"ATH,BCN,CHQ,JMK,MSN,RHO",WW0581,Disney Wish,Flexible / Multiple Dates,10,EUROPE,"Piraeus (Athens), Greece","Piraeus (Athens), Greece; Mykonos, Greece; Rhodes, Greece; Chania, Greece; Messina (Sicily), Italy; Barcelona, Spain",8275.4,USD,Standard
10-Night Southern Caribbean Cruise from Port Canaveral,10_southern_caribbean_port_canaveral,"ANU,CAS,GOC,LPT,SJU,SXM",DF0895,Disney Fantasy,Flexible / Multiple Dates,10,CARIBBEAN,"Philipsburg, St. Maarten","Philipsburg, St. Maarten; Castries, St. Lucia; St. John's, Antigua; San Juan, Puerto Rico; Disney Lookout Cay at Lighthouse Point; Disney Castaway Cay",8475.26,USD,Standard
